at,role,actor_name,action,detail
Tue Aug 18 2026 21:15:26 GMT+0700 (Indochina Time),TTL,Randeep Sudan,create_country,Opened EGY. Diagnostic not yet launched.
Tue Aug 18 2026 21:15:26 GMT+0700 (Indochina Time),TTL,Randeep Sudan,launch_diagnostic,TTL launched the Step 1 diagnostic for EGY
Tue Aug 18 2026 21:15:26 GMT+0700 (Indochina Time),machine,DAR Studio,model_explainer,"DAMM 1.3-DRAFT: 97 indicators, 8 pillars, 13 core gates, 3 read-outs (CMS/EMS/OES), 8-step ladder. Full explanation shown in the workspace and the draft."
Tue Aug 18 2026 21:19:04 GMT+0700 (Indochina Time),TTL,Randeep Sudan,web_reading_rejected,3.2: Observation year null is outside 2000–2026.
Tue Aug 18 2026 21:19:04 GMT+0700 (Indochina Time),TTL,Randeep Sudan,web_reading_rejected,3.9: Observation year null is outside 2000–2026.
Tue Aug 18 2026 21:22:46 GMT+0700 (Indochina Time),TTL,Randeep Sudan,web_search_pass,"Verified search via jina: 1 readings accepted, 2 rejected as uncheckable, 121 documents read across 9 batches"
Tue Aug 18 2026 21:23:11 GMT+0700 (Indochina Time),TTL,Randeep Sudan,rubric_rejected,"3.3: The documents did not establish the capability. · read: fao.org, apps.fas.usda.gov, oecd.org"
Tue Aug 18 2026 21:36:04 GMT+0700 (Indochina Time),TTL,Randeep Sudan,rubric_rejected,3.12: A citation failed quote verification (The quoted passage was not found on the retrieved page.) — offending quote: “implemented for a pilot area and used on specific types of crops” (after one citation-repair attempt)
Tue Aug 18 2026 21:37:24 GMT+0700 (Indochina Time),TTL,Randeep Sudan,rubric_rejected,"4.5: L1 (no credible capability) cannot be proposed from web research — absence of evidence is not evidence of absence. Left for human assessment. · read: masaar.net, sciencedirect.com, cgspace.cgiar.org"
Tue Aug 18 2026 21:37:44 GMT+0700 (Indochina Time),TTL,Randeep Sudan,rubric_rejected,"4.8: L1 (no credible capability) cannot be proposed from web research — absence of evidence is not evidence of absence. Left for human assessment. · read: pmc.ncbi.nlm.nih.gov, fas.usda.gov, accessnow.org"
Tue Aug 18 2026 21:39:26 GMT+0700 (Indochina Time),TTL,Randeep Sudan,rubric_rejected,"4.10: L1 (no credible capability) cannot be proposed from web research — absence of evidence is not evidence of absence. Left for human assessment. · read: sciencedirect.com, oecd.org, cgspace.cgiar.org"
Tue Aug 18 2026 21:39:28 GMT+0700 (Indochina Time),TTL,Randeep Sudan,rubric_rejected,"4.9: L1 (no credible capability) cannot be proposed from web research — absence of evidence is not evidence of absence. Left for human assessment. · read: cgspace.cgiar.org, unfoodsystemshub.org, oecd.org"
Tue Aug 18 2026 21:40:06 GMT+0700 (Indochina Time),TTL,Randeep Sudan,rubric_rejected,"4.12: The documents did not establish the capability. · read: masaar.net, telecoms.com, omdia.tech.informa.com"
Tue Aug 18 2026 21:40:42 GMT+0700 (Indochina Time),TTL,Randeep Sudan,rubric_rejected,"4.13: L1 (no credible capability) cannot be proposed from web research — absence of evidence is not evidence of absence. Left for human assessment. · read: oecd.ai, regulations.ai, unesco.org"
Tue Aug 18 2026 21:42:23 GMT+0700 (Indochina Time),TTL,Randeep Sudan,rubric_rejected,"4.11: L1 (no credible capability) cannot be proposed from web research — absence of evidence is not evidence of absence. Left for human assessment. · read: cgspace.cgiar.org, trade.gov, oecd.org"
Tue Aug 18 2026 21:43:15 GMT+0700 (Indochina Time),TTL,Randeep Sudan,rubric_rejected,"5.6: L1 (no credible capability) cannot be proposed from web research — absence of evidence is not evidence of absence. Left for human assessment. · read: cgspace.cgiar.org, openknowledge.fao.org, ageconsearch.umn.edu"
Tue Aug 18 2026 21:44:18 GMT+0700 (Indochina Time),TTL,Randeep Sudan,rubric_rejected,"5.8: L1 (no credible capability) cannot be proposed from web research — absence of evidence is not evidence of absence. Left for human assessment. · read: al-fanarmedia.org, usnews.com, felixinstruments.com"
Tue Aug 18 2026 21:50:36 GMT+0700 (Indochina Time),TTL,Randeep Sudan,rubric_rejected,"6.9: L1 (no credible capability) cannot be proposed from web research — absence of evidence is not evidence of absence. Left for human assessment. · read: cgspace.cgiar.org, weforum.org, ppiaf.org"
Tue Aug 18 2026 21:52:55 GMT+0700 (Indochina Time),TTL,Randeep Sudan,rubric_rejected,6.6: A citation failed quote verification (The quoted passage was not found on the retrieved page.) — offending quote: “The AgriTech4Egypt Innovation Challenge is powered by CGIAR Accelerate for Impact Platform” (after one citation-repair attempt)
Tue Aug 18 2026 21:53:54 GMT+0700 (Indochina Time),TTL,Randeep Sudan,rubric_rejected,"6.12: L1 (no credible capability) cannot be proposed from web research — absence of evidence is not evidence of absence. Left for human assessment. · read: digitalpublicgoods.net, cgspace.cgiar.org, fao.org"
Tue Aug 18 2026 21:55:43 GMT+0700 (Indochina Time),TTL,Randeep Sudan,rubric_rejected,"7.9: L1 (no credible capability) cannot be proposed from web research — absence of evidence is not evidence of absence. Left for human assessment. · read: sciencedirect.com, cgspace.cgiar.org, dataintelo.com"
Tue Aug 18 2026 21:56:42 GMT+0700 (Indochina Time),TTL,Randeep Sudan,rubric_rejected,7.8: A citation failed quote verification (The quoted passage was not found on the retrieved page.) — offending quote: “AI is being utilized for the first time in the agriculture sector in Egypt and implemented” (after one citation-repair attempt)
Tue Aug 18 2026 21:56:49 GMT+0700 (Indochina Time),TTL,Randeep Sudan,rubric_rejected,7.2: A citation failed quote verification (The quoted passage was not found on the retrieved page.) — offending quote: “AI is being utilized for the first time in the agriculture sector in Egypt and implemented” (after one citation-repair attempt)
Tue Aug 18 2026 21:56:50 GMT+0700 (Indochina Time),TTL,Randeep Sudan,rubric_rejected,"7.10: The documents did not establish the capability. · read: ifpri.org, mdpi.com, sciencedirect.com"
Tue Aug 18 2026 21:57:37 GMT+0700 (Indochina Time),TTL,Randeep Sudan,rubric_rejected,"8.12: L1 (no credible capability) cannot be proposed from web research — absence of evidence is not evidence of absence. Left for human assessment. · read: sciencedirect.com, ifpri.org, ideas.repec.org"
Tue Aug 18 2026 21:58:46 GMT+0700 (Indochina Time),TTL,Randeep Sudan,rubric_rejected,"7.11: L1 (no credible capability) cannot be proposed from web research — absence of evidence is not evidence of absence. Left for human assessment. · read: trade.gov, sciencedirect.com, oecd.org"
Tue Aug 18 2026 21:59:14 GMT+0700 (Indochina Time),TTL,Randeep Sudan,rubric_rejected,"8.13: L1 (no credible capability) cannot be proposed from web research — absence of evidence is not evidence of absence. Left for human assessment. · read: trade.gov, erf.org.eg, amcham.org.eg"
Tue Aug 18 2026 22:00:54 GMT+0700 (Indochina Time),TTL,Randeep Sudan,rubric_rejected,"7.12: L1 (no credible capability) cannot be proposed from web research — absence of evidence is not evidence of absence. Left for human assessment. · read: thecairoreview.com, securiti.ai, pmc.ncbi.nlm.nih.gov"
Tue Aug 18 2026 22:00:54 GMT+0700 (Indochina Time),TTL,Randeep Sudan,rubric_research_pass,"Rubric research via jina+openrouter: 20 provisional levels proposed (4 recovered by citation repair), 22 rubrics left named (insufficient or unverifiable evidence), 229 documents read of 42 rubrics"
Tue Aug 18 2026 22:05:21 GMT+0700 (Indochina Time),TTL,Randeep Sudan,opportunistic_finding_rejected,"agritech: Quote verification failed (The quoted passage was not found on the retrieved page.) — offending quote: “Cairo, Egypt Founded 2023 $300k raised from Alexandria Angels and 1 more”"
Tue Aug 18 2026 22:05:21 GMT+0700 (Indochina Time),TTL,Randeep Sudan,opportunistic_finding_rejected,"agritech: Quote verification failed (The quoted passage was not found on the retrieved page.) — offending quote: “Cairo, Egypt Founded 2025 $13.3k raised from The VentureX”"
Tue Aug 18 2026 22:05:21 GMT+0700 (Indochina Time),TTL,Randeep Sudan,opportunistic_finding_rejected,"agritech: Quote verification failed (The quoted passage was not found on the retrieved page.) — offending quote: “Cairo, Egypt Founded 2019 $260.7k raised from Mostafa Hassanen and 3 more”"
Tue Aug 18 2026 22:05:21 GMT+0700 (Indochina Time),TTL,Randeep Sudan,opportunistic_sweep,"Public-domain sweep via jina: 64 cited findings stored, 12 rejected as uncheckable, 48 documents read across 16 topics; errors: The search request timed out."
Tue Aug 18 2026 22:06:38 GMT+0700 (Indochina Time),TTL,Randeep Sudan,practice_finding_rejected,e-agriculture: Quote verification failed (The quoted passage was not found on the retrieved page.) — offending quote: “National e-agriculture strategy – Digital transformation in agriculture 4.0 2021–2025”
Tue Aug 18 2026 22:06:38 GMT+0700 (Indochina Time),TTL,Randeep Sudan,practice_finding_rejected,transformation: Quote verification failed (The quoted passage was not found on the retrieved page.) — offending quote: “IICA launches the fifth edition of Digital Agriculture Week and opens call for AgTech star”
Tue Aug 18 2026 22:06:38 GMT+0700 (Indochina Time),TTL,Randeep Sudan,practice_finding_rejected,"ai: Quote verification failed (The quoted passage was not found on the retrieved page.) — offending quote: “Microsoft’s Project FarmVibes, for example, now explicitly includes FarmVibes.Edge for pro”"
Tue Aug 18 2026 22:06:38 GMT+0700 (Indochina Time),TTL,Randeep Sudan,practice_sweep,"Practice research via jina: 11 cited findings stored, 4 rejected as uncheckable, 18 documents read across 6 topics"
Tue Aug 18 2026 22:06:38 GMT+0700 (Indochina Time),TTL,Randeep Sudan,step1_complete,Machine handed over
Tue Aug 18 2026 22:06:43 GMT+0700 (Indochina Time),TTL,Randeep Sudan,foresight_uploaded,Strategic-foresight material uploaded: qa-foresight-scenarios.txt (198 readable characters).
Tue Aug 18 2026 22:24:40 GMT+0700 (Indochina Time),TTL,Randeep Sudan,generate_draft,Draft via openrouter:deepseek/deepseek-v4-pro — 10 chapter(s) kept deterministic: Chapter 3: model call failed — The model returned no text (finish reason: error).; Chapter 4: Model prose rejected — stage assertions the evidence does not license: are established.; Chapter 5: Model prose rejected — stage assertions the evidence does not license: are leading.
Tue Aug 18 2026 22:24:46 GMT+0700 (Indochina Time),TTL,Randeep Sudan,update_evidence,3.3: assessor=3 gap=false value=— (final 3)
Tue Aug 18 2026 22:24:48 GMT+0700 (Indochina Time),TTL,Randeep Sudan,update_evidence,3.11: assessor=3 gap=false value=— (final 3)
Tue Aug 18 2026 22:24:49 GMT+0700 (Indochina Time),TTL,Randeep Sudan,update_evidence,4.1: assessor=3 gap=false value=— (final 3)
Tue Aug 18 2026 22:24:51 GMT+0700 (Indochina Time),TTL,Randeep Sudan,update_evidence,4.5: assessor=3 gap=false value=— (final 3)
Tue Aug 18 2026 22:24:52 GMT+0700 (Indochina Time),TTL,Randeep Sudan,update_evidence,4.9: assessor=3 gap=false value=— (final 3)
Tue Aug 18 2026 22:24:53 GMT+0700 (Indochina Time),TTL,Randeep Sudan,update_evidence,5.5: assessor=3 gap=false value=— (final 3)
Tue Aug 18 2026 22:24:55 GMT+0700 (Indochina Time),TTL,Randeep Sudan,update_evidence,5.7: assessor=3 gap=false value=— (final 3)
Tue Aug 18 2026 22:24:56 GMT+0700 (Indochina Time),TTL,Randeep Sudan,update_evidence,7.9: assessor=3 gap=false value=— (final 3)
Tue Aug 18 2026 22:24:58 GMT+0700 (Indochina Time),TTL,Randeep Sudan,update_evidence,7.12: assessor=3 gap=false value=— (final 3)
Tue Aug 18 2026 22:25:00 GMT+0700 (Indochina Time),TTL,Randeep Sudan,record_decision,Step 2: Standard assessment by Randeep Sudan
Tue Aug 18 2026 22:25:00 GMT+0700 (Indochina Time),TTL,Randeep Sudan,record_decision,Step 3: Chain shortlist and segmentation to propose to government by Randeep Sudan
Tue Aug 18 2026 22:25:01 GMT+0700 (Indochina Time),TTL,Randeep Sudan,record_decision,Step 4: Evidence plan and mission design by Randeep Sudan
Tue Aug 18 2026 22:25:01 GMT+0700 (Indochina Time),TTL,Randeep Sudan,record_decision,Step 5: Mandate letter; steering committee; endorsed chain selection by Randeep Sudan
Tue Aug 18 2026 22:25:02 GMT+0700 (Indochina Time),TTL,Randeep Sudan,record_decision,Step 6: Validated read-outs to the workshop by Randeep Sudan
Tue Aug 18 2026 22:25:02 GMT+0700 (Indochina Time),TTL,Randeep Sudan,record_decision,Step 7: Portfolio scenario and envelope by Randeep Sudan
Tue Aug 18 2026 22:25:03 GMT+0700 (Indochina Time),TTL,Randeep Sudan,record_decision,"Step 8: Adopt, disclose and version by Randeep Sudan"
Tue Aug 18 2026 22:44:23 GMT+0700 (Indochina Time),TTL,Randeep Sudan,generate_draft,Draft via openrouter:deepseek/deepseek-v4-pro — 7 chapter(s) kept deterministic: Chapter 4: Model prose rejected — stage assertions the evidence does not license: are leading.; Chapter 3: Model prose rejected — stage assertions the evidence does not license: are leading.; Chapter 8: Model prose rejected — stage assertions the evidence does not license: are leading.
Tue Aug 18 2026 23:02:01 GMT+0700 (Indochina Time),TTL,Randeep Sudan,red_team,"Red team reviewed 17 chapters: 56 findings (11 high) — 16 deterministic, 40 adversarial; errors: 1: The model spent the whole token budget on reasoning (24000 tokens) and returned no visible text. Raise max tokens or use a non-reasoning model. | 5: The model spent the whole token budget on reasoning (24000 tokens) and returned no visible text. Raise max tokens or use a non-reasoning model."
Tue Aug 18 2026 23:02:04 GMT+0700 (Indochina Time),TTL,Randeep Sudan,deck_exported,Roadmap deck exported: 29 slides from the latest draft.
Tue Aug 18 2026 23:20:01 GMT+0700 (Indochina Time),TTL,Randeep Sudan,deck_exported,Roadmap deck exported: 29 slides from the latest draft.
