indicator_id,value,observation_year,source_name,source_url,confidence,provenance,is_proxy,proxy_note,data_gap,gap_steward,suggested_level,assessor_level,assessor_name,notes
1.1,8942.42,2025,World Bank WDI,https://data.worldbank.org/indicator/NV.AGR.EMPL.KD,High,machine-imported,false,,false,Statistics office,,,,Primary official series. Used first.
1.2,7402.2,2023,World Bank WDI,https://data.worldbank.org/indicator/AG.YLD.CREL.KG,High,machine-imported,false,,false,Statistics office,,,,Primary official series. Used first.
1.3,17.52,2025,World Bank WDI / ILO,https://data.worldbank.org/indicator/SL.AGR.EMPL.ZS,High,machine-imported,false,,false,Statistics office,,,,Primary official series. Used first.
1.4,109.07,2022,World Bank WDI / FAO,https://data.worldbank.org/indicator/AG.PRD.FOOD.XD,High,machine-imported,false,,false,Statistics office,,,,Primary official series. Used first.
1.5,,,National post-harvest assessment,,,named-gap,false,,false,Ministry of Agriculture,,,,
1.6,,,Agricultural census / LSMS-ISA,,,named-gap,false,,false,Statistics office,,,,
1.7,,,Agricultural finance survey,,,named-gap,false,,false,Ministry of Agriculture / Central bank,,,,
1.8,,,CSA practice survey,,,named-gap,false,,false,Ministry of Agriculture,,,,
1.9,,2026,Egypt - Information and Communications Technology; and Digital Economy,https://www.trade.gov/country-commercial-guides/egypt-information-and-communications-technology-and-digital-economy,Medium,machine-researched,false,,false,Ministry of Agriculture,3,,,"MACHINE-RESEARCHED PROPOSAL — Level 3. Confirm, correct or reject at validation.
L3 is proposed. Operational national programs with digital components are evidenced: under ICT 2030, ""the Egyptian government is undertaking a series of investments, capacity building and training programs, digital government services reforms, and infrastructure upgrades."" MCIT's ""Our Future is Digital"" initiative aims to train 100,000 young Egyptians, and operational results are shown by ""The project had supplied 5,300 government buildings across Egypt with fiber-optic cable connection and aims to supply all 32,000 government entities by 2030"" and by the fact that ""By March 2025, over 5,000 individuals had completed AI-focused training programs."" Defined ownership and partial coverage are also evidenced: ""The ICT industry in Egypt is managed by MCIT,"" while the 5,300 of a planned 32,000 government entities supplied shows partial coverage. Adoption or interoperability gaps remain: the OECD finds that ""implementation across sectoral strategies remains uneven"" and that ""Data, monitoring and evaluation need to be developed to support evidence-based policy.""
Why not L4: L4 requires scaled and funded programs with accountable governance, interoperability and broad use. The documents do not evidence broad use or interoperability; they show recently launched or still developing initiatives with partial coverage. The OECD states monitoring and evaluation need to be developed, and the University World News item frames performance as future targets (""The progress of each alliance will be measured annually""), not demonstrated broad implementation. Therefore L4 is not 
Further sources: Egypt - Information and Communications Technology; and Digital Economy: https://www.trade.gov/country-commercial-guides/egypt-information-and-communications-technology-and-digital-economy · Egypt - Information and Communications Technology; and Digital Economy: https://www.trade.gov/country-commercial-guides/egypt-information-and-communications-technology-and-digital-economy · Egypt - Information and Communications Technology; and Digital Economy: https://www.trade.gov/country-commercial-guides/egypt-information-and-communications-technology-and-digital-economy · Egypt - Information and Communications Technology; and Digital Economy: https://www.trade.gov/country-commercial-guides/egypt-information-and-communications-technology-and-digital-economy · Transforming science, technology and innovation governance in Egypt: OECD Reviews of Innovation Policy: Egypt 2026: https://www.oecd.org/en/publications/oecd-reviews-of-innovation-policy-egypt-2026_c6675315-en/full-report/transforming-science-technology-and-innovation-governance-in-egypt_758e1bdd.html · Transforming science, technology and innovation governance in Egypt: OECD Reviews of Innovation Policy: Egypt 2026: https://www.oecd.org/en/publications/oecd-reviews-of-innovation-policy-egypt-2026_c6675315-en/full-report/transforming-science-technology-and-innovation-governance-in-egypt_758e1bdd.html · National policy for sustainable innovation launched: https://www.universityworldnews.com/post.php?story=20250316201325507"
2.1,99.8,2024,"ITU DataHub — population covered by at least 3G (national, via World Bank Data360)",https://data360.worldbank.org/en/dataset/ITU_DH,Low/Estimated,proxy,true,Proxy: national 3G population coverage. DAMM asks for rural coverage. Replace with a rural-filtered ITU/GSMA reading when the regulator publishes one.,false,ITU / digital authority,5,,,"Official publisher, but the series is a documented proxy for the DAMM indicator."
2.10,,,Ookla / national QoS,,,named-gap,false,,false,Regulator,,,,
2.11,,2026,"IFC, Agricultural Bank of Egypt Partner to Promote Farmers’ Switch to Solar Irrigation Systems",https://www.ifc.org/en/pressroom/2020/ifc-agricultural-bank-of-egypt-partner-to-promote-farmers-switch,Medium,machine-researched,false,,false,Ministry of Agriculture / digital authority,2,,,"MACHINE-RESEARCHED PROPOSAL — Level 2. Confirm, correct or reject at validation.
L2 is met because the IFC/Agricultural Bank of Egypt partnership provides credible, formal device financing for farmers. The document states the partners 'announced a partnership to help Egyptian farmers access financing to purchase solar irrigation systems' and that 'IFC will help ABE build capacity and design new financial products to enable Egyptian farmers—most of whom lack direct access to grid electricity—to purchase and install solar irrigation pumps.' The effort is donor-assisted and still being built: 'IFC is helping select financial institutions build their capacity to offer financing facilities for off-grid photovoltaic (PV) systems in the agribusiness sector' and 'The project is being implemented in partnership with the governments of Denmark, South Korea, and the Netherlands.' Document [4] adds a further, ad hoc financing product—'The platform's cornerstone is its ""Plant Now & Pay Later"" (PNPL) scheme, which offers farmers 12-month interest-free financing for agricultural inputs and supplies'—but with no demonstrated ownership or scale. This is enough for L2's pilot/ad hoc, donor-dependent financing scheme, and more than L1's isolated informal activity.
Why not L3: L3 requires an operational device financing/subsidy scheme with defined ownership and partial coverage. The IFC/ABE documents are forward-looking: 'IFC will help ABE build capacity and design new financial products' rather than showing an operating scheme. The Agri Cash platform only 'appears to be operational' and 'specific adoption metrics are not publicly available', so defined coverage and ownership are not evidenced. OECD data also shows 'Budgetary expenditures for inputs, investment or cre
Further sources: IFC, Agricultural Bank of Egypt Partner to Promote Farmers’ Switch to Solar Irrigation Systems: https://www.ifc.org/en/pressroom/2020/ifc-agricultural-bank-of-egypt-partner-to-promote-farmers-switch · IFC, Agricultural Bank of Egypt Partner to Promote Farmers’ Switch to Solar Irrigation Systems: https://www.ifc.org/en/pressroom/2020/ifc-agricultural-bank-of-egypt-partner-to-promote-farmers-switch · IFC, Agricultural Bank of Egypt Partner to Promote Farmers’ Switch to Solar Irrigation Systems: https://www.ifc.org/en/pressroom/2020/ifc-agricultural-bank-of-egypt-partner-to-promote-farmers-switch · Agri Cash [Egypt] | Science, Technology and Innovation (STI) Portal: https://sti-portal.fao.org/innovations/agri-cash-egypt · Agri Cash [Egypt] | Science, Technology and Innovation (STI) Portal: https://sti-portal.fao.org/innovations/agri-cash-egypt · Trends and evaluation of agricultural policy in Egypt: Policies for the Future of Farming and Food in Egypt: https://www.oecd.org/en/publications/policies-for-the-future-of-farming-and-food-in-egypt_cab0cefd-en/full-report/trends-and-evaluation-of-agricultural-policy-in-egypt_416e1bd0.html"
2.2,98,2024,"ITU DataHub — population covered by at least 4G (national, via World Bank Data360)",https://data360.worldbank.org/en/dataset/ITU_DH,Low/Estimated,proxy,true,Proxy: national 4G population coverage. DAMM asks for rural coverage. Replace with a rural-filtered ITU/GSMA reading when the regulator publishes one.,false,ITU / digital authority,5,,,"Official publisher, but the series is a documented proxy for the DAMM indicator."
2.3,72.28,2024,ITU DataHub — active mobile-broadband subscriptions per 100 inhabitants (via World Bank Data360),https://data360.worldbank.org/en/dataset/ITU_DH,High,machine-imported,false,,false,ITU,4,,,Primary official series. Used first.
2.4,74.65,2024,World Bank WDI / ITU,https://data.worldbank.org/indicator/IT.NET.USER.ZS,High,machine-imported,false,,false,ITU / statistics office,4,,,Primary official series. Used first.
2.5,1.58,2025,"ITU ICT Price Basket — data-only mobile-broadband (% of GNI per capita, via World Bank Data360)",https://data360.worldbank.org/en/dataset/ITU_DH,High,machine-imported,false,,false,ITU,4,,,Primary official series. Used first.
2.6,,,Global Findex / GSMA,https://www.worldbank.org/en/publication/globalfindex,,named-gap,false,,false,Global Findex,,,,
2.7,,,Rural household / farmer survey,,,named-gap,false,,false,Statistics office,,,,
2.8,,,Rural tariff survey,,,named-gap,false,,false,Regulator / GSMA,,,,
2.9,100,2024,World Bank WDI,https://data.worldbank.org/indicator/EG.ELC.ACCS.RU.ZS,High,machine-imported,false,,false,Statistics office / energy ministry,5,,,Primary official series. Used first.
3.1,0.67,2024,UN DESA E-Government Development Index (via World Bank Data360),https://data360.worldbank.org/en/dataset/UN_EGDI,High,machine-imported,false,,false,UN DESA EGDI,4,,,Primary official series. Used first.
3.10,,2026,Template_ProjectNote,https://cgspace.cgiar.org/server/api/core/bitstreams/d4a33acc-564a-4e4c-a413-81ba3ebd4d90/content,Medium,machine-researched,false,,false,Ministry of Agriculture / private-sector panel,2,,,"MACHINE-RESEARCHED PROPOSAL — Level 2. Confirm, correct or reject at validation.
L2 is the highest level supported. IFPRI notes that 'many Egyptian digital tools remain pilot-stage or region-specific, with very few achieving national scale' and that 'digital marketplaces such as Mahsoly and Egypt-based Fresh-Source are credited with reducing intermediaries and improving cold-chain efficiency, though empirical evaluations are limited.' The same source documents donor dependence: 'Egyptian developers often rely on partnerships with NGOs and donor-funded programs to reach farmers, creating dependency on project cycles rather than stable revenue streams.' A concrete market platform is listed in the IFPRI apps repository: 'Mahsoly is an online crops and land market providing registrants a platform to offer their crops/ lands for sale without an intermediary.' FAO's STI portal states that for Agri Cash 'specific adoption metrics are not publicly available, the solution appears to be operational in Egypt', so no active-user count supports moving beyond L2.
Why not L3: L3 requires operational platforms with defined ownership and partial coverage, plus evidence of adoption or interoperability gaps. The documents provide no defined ownership and no active-user counts; FAO states 'specific adoption metrics are not publicly available', and IFPRI notes very few tools achieve national scale and developers are donor-dependent. Therefore L3 is not evidenced.
Further sources: Template_ProjectNote: https://cgspace.cgiar.org/server/api/core/bitstreams/d4a33acc-564a-4e4c-a413-81ba3ebd4d90/content · Template_ProjectNote: https://cgspace.cgiar.org/server/api/core/bitstreams/d4a33acc-564a-4e4c-a413-81ba3ebd4d90/content · Agriculture Apps Repository: https://egyptssp.ifpri.info/agricultural-apps/ · Agri Cash [Egypt] | Science, Technology and Innovation (STI) Portal: https://sti-portal.fao.org/innovations/agri-cash-egypt"
3.11,,2025,Ministry of Agriculture and Land Reclamation,https://www.moalr.gov.eg/,Medium,assessor,false,,false,Digital authority / Ministry of Agriculture,2,3,Randeep Sudan,"QA delivery loop — scripted demonstration record, not an official Government of Egypt reading."
3.12,,,Dataset catalogue,,,named-gap,false,,false,Digital authority,,,,
3.2,,,Open Data Watch ODIN,https://odin.opendatawatch.com/,,named-gap,false,,false,Open Data Watch ODIN,,,,
3.3,,2025,Ministry of Agriculture and Land Reclamation,https://www.moalr.gov.eg/,Medium,assessor,false,,false,Ministry of Agriculture,,3,Randeep Sudan,"QA delivery loop — scripted demonstration record, not an official Government of Egypt reading."
3.4,,2026,Adsero,https://adsero.me/egypt-introduces-comprehensive-national-real-estate-identification-law/,Medium,machine-researched,false,,false,Lands ministry,2,,,"MACHINE-RESEARCHED PROPOSAL — Level 2. Confirm, correct or reject at validation.
Egypt has legislated and begun issuing a national digital property ID, but the evidence does not show a formal digital land/plot registration system. Law No. 88 of 2025 mandates a centralised digital database assigning a unique ID to each real estate asset, and Egypt has issued nearly 30 million National Property Identification Numbers. However, the World Bank states that the National Property ID functions solely as a unique digital identifier, not legal registration, and that legal ownership continues to depend exclusively on registration with the Real Estate Registry. Formal registration coverage is below 10%, rollout is expected to take up to five years and is voluntary, and the authority to oversee the data system is still to be determined by Prime Ministerial decree. This makes the current capability an early/ad hoc digital property database rather than an operational registration system.
Why not L3: L3 requires an operational digital land/plot registration system with defined ownership and partial coverage. The documents show the digital property ID is not legal registration or proof of ownership; legal ownership depends on the separate Real Estate Registry. Defined ownership and operational registration are therefore not evidenced, and the World Bank notes fragmented databases and overlapping institutional responsibilities.
Further sources: Dailynewsegypt: https://www.dailynewsegypt.com/2026/07/05/egypts-property-registration-rate-remains-below-10-despite-major-digital-id-rollout-world-bank/ · Dailynewsegypt: https://www.dailynewsegypt.com/2026/07/05/egypts-property-registration-rate-remains-below-10-despite-major-digital-id-rollout-world-bank/ · Dailynewsegypt: https://www.dailynewsegypt.com/2026/07/05/egypts-property-registration-rate-remains-below-10-despite-major-digital-id-rollout-world-bank/ · Dailynewsegypt: https://www.dailynewsegypt.com/2026/07/05/egypts-property-registration-rate-remains-below-10-despite-major-digital-id-rollout-world-bank/ · Invest-Gate: https://invest-gate.me/features/egypt-moves-forward-with-property-id-law-to-digitize-real-estate-sector/ · Invest-Gate: https://invest-gate.me/features/egypt-moves-forward-with-property-id-law-to-digitize-real-estate-sector/"
3.5,,2026,Home - Egypt Data Portal,https://egypt.opendataforafrica.org/,Medium,machine-researched,false,,false,Ministry of Agriculture / statistics office,3,,,"MACHINE-RESEARCHED PROPOSAL — Level 3. Confirm, correct or reject at validation.
L3 is supported. The Home - Egypt Data Portal is an operational national data platform: it has a 'Data Catalog', lists 'Agriculture' as a topic, and presents 'Egypt Data At a Glance'. Defined ownership is evidenced by the portal's 'CAPMAS Link' and 'Copyright CAPMAS 2026'. Coverage is partial: agriculture is one of the portal's themes, and the documents do not show a comprehensive agriculture-specific dataset. The separate Egyptian Agricultural Database is a narrow, directory-style service: 'It is a free electronic directory for all agricultural production supplies and companies'.
Why not L4: L4 requires scaled and funded national agricultural data portal / open data with accountable governance, interoperability and broad use. The supplied documents do not evidence scale or dedicated funding, accountable governance arrangements beyond the CAPMAS copyright statement, interoperability mechanisms, or broad use of the portal.
Further sources: Home - Egypt Data Portal: https://egypt.opendataforafrica.org/ · Home - Egypt Data Portal: https://egypt.opendataforafrica.org/ · Home - Egypt Data Portal: https://egypt.opendataforafrica.org/ · Home - Egypt Data Portal: https://egypt.opendataforafrica.org/ · Egyptian Agricultural Database | Science, Technology and Innovation (STI) Portal: https://sti-portal.fao.org/organizations/egyptian-agricultural-database"
3.6,,2026,Egypt,https://www.fao.org/in-action/scala/countries/egypt,Medium,machine-researched,false,,false,Met service / Ministry of Agriculture,3,,,"MACHINE-RESEARCHED PROPOSAL — Level 3. Confirm, correct or reject at validation.
L3 is the highest level evidenced. Agriculture-relevant advisories are produced: the IFPRI/CGIAR note states that SMS delivery has been used for weather alerts, pest warnings, and market price notifications, and identifies named apps such as Hodhod, Mahsooly, and The Smart Farmer Guide aiming to fill gaps left by overstretched public extension systems. Defined ownership is evidenced by the note's finding based on interviews with app developers of digital agricultural tools. Dissemination reaches a minority: the same note states many Egyptian digital tools remain pilot-stage or region-specific, with very few achieving national scale. Impact-based advisories are absent: no supplied document describes impact-based agromet advisories, only weather alerts, pest warnings, and market price notifications.
Why not L4: L4 is not evidenced because no document describes impact-based agromet advisories, alignment to crop calendars, or dissemination through channels reaching most farming areas. The IFPRI/CGIAR note states very few digital tools achieve national scale, and official FAO/UNDP sources describe an early warning system for smallholder farmers as a roadmap/future priority rather than a current service with verified reach.
Further sources: Egypt scales up climate adaptation actions of its agriculture, water and agrifood sectors: https://www.adaptation-undp.org/egypt-scales-climate-adaptation-actions-its-agriculture-water-and-agrifood-sectors · Digital Agricultural Technology in Egypt: Insights from App Developers: https://cgspace.cgiar.org/server/api/core/bitstreams/d4a33acc-564a-4e4c-a413-81ba3ebd4d90/content · Digital Agricultural Technology in Egypt: Insights from App Developers: https://cgspace.cgiar.org/server/api/core/bitstreams/d4a33acc-564a-4e4c-a413-81ba3ebd4d90/content · Digital Agricultural Technology in Egypt: Insights from App Developers: https://cgspace.cgiar.org/server/api/core/bitstreams/d4a33acc-564a-4e4c-a413-81ba3ebd4d90/content · Digital Agricultural Technology in Egypt: Insights from App Developers: https://cgspace.cgiar.org/server/api/core/bitstreams/d4a33acc-564a-4e4c-a413-81ba3ebd4d90/content"
3.7,,2018,Egypt's Earth Observation Systems,https://www.globalsecurity.org/space/world/egypt/earth.htm,Medium,machine-researched,false,,false,Space / agriculture agency,3,,,"MACHINE-RESEARCHED PROPOSAL — Level 3. Confirm, correct or reject at validation.
The documents support L3. Operational capability: GlobalSecurity states Egypt has ""an advanced and integrated capability for processing and analysing images"" and that ""Those images are used efficiently in development plans in various fields."" The Remote Sensing sector ""works on the use of data provided by earth observation satellites and various airborne sensors to produce maps and spatial data."" Defined ownership: ""In 1994 the Authority was established as an organization under the State Ministry of Scientific Research"" and ""NARSS includes two major sectors: Remote Sensing and Space Sciences."" Partial coverage and remaining adoption/access gaps: the source states Egypt ""intended to build a ground receiving station for satellite images during the year 2000"" and that this ""will lead to enhanced capabilities in remote sensing and will provide speedier and cheaper access to satellite data and their wider use for development purposes,"" indicating remaining gaps rather than broad, scaled use.
Why not L4: Level 4 is not evidenced because the documents do not establish a scaled and funded capability, accountable governance, interoperability, or broad use. The source only describes an ""intended"" ground receiving station and future ""wider use,"" without verified outcomes or broad institutional adoption.
Further sources: Egypt's Earth Observation Systems: https://www.globalsecurity.org/space/world/egypt/earth.htm · Egypt's Earth Observation Systems: https://www.globalsecurity.org/space/world/egypt/earth.htm · Egypt's Earth Observation Systems: https://www.globalsecurity.org/space/world/egypt/earth.htm · Egypt's Earth Observation Systems: https://www.globalsecurity.org/space/world/egypt/earth.htm · Egypt's Earth Observation Systems: https://www.globalsecurity.org/space/world/egypt/earth.htm"
3.8,,,"GEOMATICS FOR DIGITAL EGYPTIAN SOILS MAPPING, CASE STUDY OF NORTHWESTERN COAST",https://mmm-gi.geo-see.org/wp-content/uploads/MMM-GI_16/Gad_Hammad_Zahran.pdf,Medium,machine-researched,false,,false,Ministry of Agriculture / soil institute,2,,,"MACHINE-RESEARCHED PROPOSAL — Level 2. Confirm, correct or reject at validation.
Document 6 describes an ad hoc digital soil mapping exercise for Egypt. The title states: 'GEOMATICS FOR DIGITAL EGYPTIAN SOILS MAPPING, CASE STUDY OF NORTHWESTERN COAST'. The paper explains that 'The current study aimed basically to build ageoreferenced thematic database of the study area' and that 'Soil map was produced including dominant geographic units and soil association'. Coverage is narrow: it concerns 'The northwestern coast of Egypt', with acquired data 'covering the whole study area'. The supplied material does not identify an accountable national data custodian; the only named actors are research bodies such as 'National Authority for Remote Sensing and space Science (NARSS)' and a university faculty. This is consistent with L2: a pilot/ad hoc, narrow-coverage digital soil mapping product with unclear ownership, not an operational national database.
Why not L3: The next level, L3, requires an operational national soil map/database with defined ownership and partial coverage. No supplied document demonstrates an operational national digital soil database, a defined national custodian, national coverage beyond the northwestern-coast study area, or adoption and interoperability arrangements. The only evidence is a single case study.
Further sources: GEOMATICS FOR DIGITAL EGYPTIAN SOILS MAPPING, CASE STUDY OF NORTHWESTERN COAST: https://mmm-gi.geo-see.org/wp-content/uploads/MMM-GI_16/Gad_Hammad_Zahran.pdf · GEOMATICS FOR DIGITAL EGYPTIAN SOILS MAPPING, CASE STUDY OF NORTHWESTERN COAST: https://mmm-gi.geo-see.org/wp-content/uploads/MMM-GI_16/Gad_Hammad_Zahran.pdf · GEOMATICS FOR DIGITAL EGYPTIAN SOILS MAPPING, CASE STUDY OF NORTHWESTERN COAST: https://mmm-gi.geo-see.org/wp-content/uploads/MMM-GI_16/Gad_Hammad_Zahran.pdf · GEOMATICS FOR DIGITAL EGYPTIAN SOILS MAPPING, CASE STUDY OF NORTHWESTERN COAST: https://mmm-gi.geo-see.org/wp-content/uploads/MMM-GI_16/Gad_Hammad_Zahran.pdf · GEOMATICS FOR DIGITAL EGYPTIAN SOILS MAPPING, CASE STUDY OF NORTHWESTERN COAST: https://mmm-gi.geo-see.org/wp-content/uploads/MMM-GI_16/Gad_Hammad_Zahran.pdf"
3.9,,,Advisory platform user statistics,,,named-gap,false,,false,Ministry of Agriculture / private-sector panel,,,,
4.1,,2025,Ministry of Agriculture and Land Reclamation,https://www.moalr.gov.eg/,Medium,assessor,false,,false,Digital authority / justice ministry,3,3,Randeep Sudan,"QA delivery loop — scripted demonstration record, not an official Government of Egypt reading."
4.10,,,Competition authority files,,,named-gap,false,,false,Competition authority,,,,
4.11,,,Public-procurement rules,,,named-gap,false,,false,Procurement authority,,,,
4.12,,,Spectrum plan,,,named-gap,false,,false,Regulator,,,,
4.13,,,Responsible-AI guidance,,,named-gap,false,,false,Digital authority / Ministry of Agriculture,,,,
4.2,1,2024,ITU Global Cybersecurity Index overall score (via World Bank Data360),https://data360.worldbank.org/en/dataset/ITU_GCI,High,machine-imported,false,,false,ITU,5,,,Primary official series. Used first.
4.3,,,Oxford Insights Government AI Readiness Index,https://oxfordinsights.com/ai-readiness/ai-readiness-index/,,named-gap,false,,false,Oxford Insights,,,,
4.4,,2026,Egypt’s Sustainable Agricultural Transformation Leverages Cutting-Edge Technology,https://sponsored.bloomberg.com/article/ministry-of-international-cooperation/egypts-sustainable-agricultural-transformation-taps-into-cutting-edge-technology,Medium,machine-researched,false,,false,Ministry of Agriculture,2,,,"MACHINE-RESEARCHED PROPOSAL — Level 2. Confirm, correct or reject at validation.
Egypt shows digital agriculture activity that is still pilot-stage, narrow in coverage, and donor-dependent, matching L2. Document [1] states: 'The study highlights that many Egyptian digital tools remain pilot-stage or region-specific, with very few achieving national scale.' It also reports that 'Developers often struggle between piloting and scaling' and that 'Egyptian developers often rely on partnerships with NGOs and donor-funded programs to reach farmers, creating dependency on project cycles rather than stable revenue streams.' Government-led digital agriculture intervention exists but remains narrow and donor-backed: SAIL was 'Backed by funding from the UN International Fund for Agricultural Development' and 'began operations in 2016, covering an area of over 900 feddans (934 acres)' [2]. Together these satisfy L2's pilot/ad hoc, narrow coverage, and donor dependence clauses.
Why not L3: Level 3 requires an operational national digital agriculture strategy with defined ownership and partial coverage. The documents do not show one: the national strategy described is the Egypt National Artificial Intelligence Strategy, which 'aims to position the country as a regional leader through six pillars: Governance, Technology, Data, Infrastructure, Ecosystem, and Talent' and 'focuses on improving life in sectors like health and agriculture' [3]; it is not evidenced as a digital agricultur
Further sources: Template_ProjectNote: https://cgspace.cgiar.org/server/api/core/bitstreams/d4a33acc-564a-4e4c-a413-81ba3ebd4d90/content · Template_ProjectNote: https://cgspace.cgiar.org/server/api/core/bitstreams/d4a33acc-564a-4e4c-a413-81ba3ebd4d90/content · Template_ProjectNote: https://cgspace.cgiar.org/server/api/core/bitstreams/d4a33acc-564a-4e4c-a413-81ba3ebd4d90/content · Egypt National Artificial Intelligence Strategy: https://oecd.ai/en/dashboards/policy-initiatives/egypt-national-artificial-intelligence-strategy · Egypt National Artificial Intelligence Strategy: https://oecd.ai/en/dashboards/policy-initiatives/egypt-national-artificial-intelligence-strategy"
4.5,,2025,Ministry of Agriculture and Land Reclamation,https://www.moalr.gov.eg/,Medium,assessor,false,,false,Digital authority / Ministry of Agriculture,,3,Randeep Sudan,"QA delivery loop — scripted demonstration record, not an official Government of Egypt reading."
4.6,,2026,Egypt National Artificial Intelligence Strategy,https://oecd.ai/en/dashboards/policy-initiatives/egypt-national-artificial-intelligence-strategy,Medium,machine-researched,false,,false,Digital authority,3,,,"MACHINE-RESEARCHED PROPOSAL — Level 3. Confirm, correct or reject at validation.
L3 is supported. Egypt has a formal national AI strategy with an agriculture component: the OECD policy entry identifies the strategy as a government plan and states it is intended to improve 'agricultural output and water management'. The first strategy document also lists agriculture among phase 1 priority sectors. Ownership is defined, with the National Council for Artificial Intelligence described as having the objective 'to formalize and govern the implementation of Egypt’s National AI Strategy'. The strategy is operational rather than merely ad hoc, with implementation tools such as sectoral flagship projects including smart irrigation. Coverage remains partial and adoption is still framed as a target, since monitoring includes 'adoption rates in priority sectors' rather than demonstrating broad use.
Why not L4: L4 is not met because the supplied documents do not evidence scaled and funded agriculture AI deployment, accountable governance operating at scale, interoperability, or broad use. They describe strategies, priority sectors, proposed or emerging operational mechanisms, and targets, but provide no agriculture-specific budget allocations, interoperability standards, or verified broad adoption outcomes.
Further sources: Egypt National Artificial Intelligence Strategy: https://oecd.ai/en/dashboards/policy-initiatives/egypt-national-artificial-intelligence-strategy · Egypt's National Artificial Intelligence Strategy: https://www.slideshare.net/slideshow/egypt-s-national-artificial-intelligence-strategy/270928635 · Egypt's National Artificial Intelligence Strategy: https://www.slideshare.net/slideshow/egypt-s-national-artificial-intelligence-strategy/270928635 · Egypt's national AI strategy – Second edition 2025-2030 | Digital Watch Observatory: https://dig.watch/resource/egypts-national-ai-strategy-second-edition-2025-2030 · Egypt's national AI strategy – Second edition 2025-2030 | Digital Watch Observatory: https://dig.watch/resource/egypts-national-ai-strategy-second-edition-2025-2030"
4.7,,,ID4D / national ID authority,https://id4d.worldbank.org/global-dataset,,named-gap,false,,false,ID4D / national ID authority,,,,
4.8,,,Data-sovereignty provisions,,,named-gap,false,,false,Digital authority / justice ministry,,,,
4.9,,2025,Ministry of Agriculture and Land Reclamation,https://www.moalr.gov.eg/,Medium,assessor,false,,false,Ministry of Agriculture / digital authority,,3,Randeep Sudan,"QA delivery loop — scripted demonstration record, not an official Government of Egypt reading."
5.1,7.15,2010,World Bank Education Statistics — Barro-Lee average years of schooling (age 15+),https://data.worldbank.org/indicator/BAR.SCHL.15UP,Low/Estimated,proxy,true,"Proxy: Barro-Lee average years of total schooling, age 15+. Authoritative replacement is UNDP HDR mean years of schooling (adults 25+).",false,UNDP / statistics office,3,,,"Official publisher, but the series is a documented proxy for the DAMM indicator."
5.10,,,Training reach statistics,,,named-gap,false,,false,Ministry of Agriculture,,,,
5.11,,,FAO Overview of the agricultural sector,https://openknowledge.fao.org/bitstreams/e5eac8c4-9eaf-491a-88c7-29be21b103da/download,Medium,machine-researched,false,,false,Ministry of Agriculture,2,,,"MACHINE-RESEARCHED PROPOSAL — Level 2. Confirm, correct or reject at validation.
L2 is proposed. The L2 anchor requires pilot or ad hoc institutional digital maturity, narrow coverage, and unclear ownership or donor dependence. The FAO brief confirms public extension institutions but no dedicated digital/extension policy: 'Egypt lacks a dedicated policy on extension and rural advisory services.' CAAEE is 'the main government agency under the MALR responsible for delivering agricultural extension services to farmers across Egypt' and includes a 'technical office and information technology' unit, but this indicates an administrative IT function rather than scaled digital maturity. The same brief describes government and development partners as having 'undertaken initiatives' rather than established operational systems. On the wider digital agriculture ecosystem, the CGIAR/IFPRI note states 'many Egyptian digital tools remain pilot-stage or region-specific, with very few achieving national scale' and 'Egyptian developers often rely on partnerships with NGOs and donor-funded programs to reach farmers, creating dependency on project cycles rather than stable revenue streams.' These facts satisfy the L2 clauses of pilot/ad hoc maturity, narrow coverage, and donor dependence.
Why not L3: Not L3 because the documents do not evidence operational institutional digital maturity of key agricultural agencies with defined ownership and partial coverage. There is no named government/agency-operated agricultural digital platform shown to be running beyond pilots with clear ownership, sustained funding, and measurable coverage. The available evidence describes external private-sector or NGO/donor-supported tools, plus a general national ICT 2030 strategy, but not an operational agricultur
Further sources: FAO Overview of the agricultural sector: https://openknowledge.fao.org/bitstreams/e5eac8c4-9eaf-491a-88c7-29be21b103da/download · FAO Overview of the agricultural sector: https://openknowledge.fao.org/bitstreams/e5eac8c4-9eaf-491a-88c7-29be21b103da/download · FAO Overview of the agricultural sector: https://openknowledge.fao.org/bitstreams/e5eac8c4-9eaf-491a-88c7-29be21b103da/download · Digital Agricultural Technology in Egypt: Insights from App Developers: https://cgspace.cgiar.org/server/api/core/bitstreams/d4a33acc-564a-4e4c-a413-81ba3ebd4d90/content · Digital Agricultural Technology in Egypt: Insights from App Developers: https://cgspace.cgiar.org/server/api/core/bitstreams/d4a33acc-564a-4e4c-a413-81ba3ebd4d90/content"
5.12,,,Workforce gender statistics,,,named-gap,false,,false,Ministry of Agriculture,,,,
5.2,79.45,2022,World Bank WDI / UNESCO UIS,https://data.worldbank.org/indicator/SE.ADT.LITR.ZS,High,machine-imported,false,,false,Statistics office / UNESCO,3,,,Primary official series. Used first.
5.3,18.58,2023,UNESCO UIS — STEM share of tertiary graduates (via World Bank Data360),https://data360.worldbank.org/en/dataset/UNESCO_UIS,Low/Estimated,proxy,true,"Proxy: STEM share of graduates, not STEM enrolment. Closer to the DAMM construct than all-fields tertiary enrolment.",false,UNESCO / higher-education ministry,2,,,"Official publisher, but the series is a documented proxy for the DAMM indicator."
5.4,,,Farmer digital-literacy survey,,,named-gap,false,,false,Ministry of Agriculture / statistics office,,,,
5.5,,2025,Ministry of Agriculture and Land Reclamation,https://www.moalr.gov.eg/,Medium,assessor,false,,false,Ministry of Agriculture,,3,Randeep Sudan,"QA delivery loop — scripted demonstration record, not an official Government of Egypt reading."
5.6,,,Extension workforce records,,,named-gap,false,,false,Ministry of Agriculture,,,,
5.7,,2025,Ministry of Agriculture and Land Reclamation,https://www.moalr.gov.eg/,Medium,assessor,false,,false,Ministry of Agriculture,2,3,Randeep Sudan,"QA delivery loop — scripted demonstration record, not an official Government of Egypt reading."
5.8,,,University programme catalogue,,,named-gap,false,,false,Higher-education ministry,,,,
5.9,,2024,GeoAgro-MiSR digital application training in Egypt,https://www.eurekalert.org/news-releases/1047011,Medium,machine-researched,false,,false,Ministry of Agriculture / higher-education ministry,2,,,"MACHINE-RESEARCHED PROPOSAL — Level 2. Confirm, correct or reject at validation.
L2 is met. The document evidences a donor-funded, narrow coverage training effort in Egypt focused on an agriculture data collection and analysis application. The training is ad hoc/pilot in character: 'During April, ICARDA’s science team implemented a number of training workshops for 35 FAO facilitators and field coordinators to help them support 1,500 Egyptian farmers to adopt GeoAgro-MiSR app and integrated packages of improved agri-approaches and technologies in three governorates, Kafr El-Sheikh, Menia and Qena.' Coverage is narrow, and the initiative is donor-dependent: 'FAO Egypt, ICARDA, and the Egyptian Ministry of Water and Irrigation launched the Water Productivity Enhancement in Agriculture Project, funded by the government of Japan.' The training content is agriculture-focused and data-oriented: 'They explored methods for capturing and analyzing agricultural data, monitoring crop performance, assessing soil conditions, and making informed decisions on irrigation, nutrient management, and pest control.'
Why not L3: L3 requires operational data science/AI training programs for agriculture with defined ownership and partial coverage, with adoption or interoperability gaps remaining. The supplied documents do not show a sustained, operational training program with defined domestic ownership. The evidence shows a project 'funded by the government of Japan' and a single round of workshops for 35 facilitators targeting 1,500 farmers in three governorates, which supports donor dependence and narrow, ad hoc covera
Further sources: GeoAgro-MiSR digital application training in Egypt: https://www.eurekalert.org/news-releases/1047011 · GeoAgro-MiSR digital application training in Egypt: https://www.eurekalert.org/news-releases/1047011"
6.1,,,WIPO Global Innovation Index,https://www.wipo.int/web-publications/global-innovation-index-2025/en/gii-2025-results.html,,named-gap,false,,false,WIPO GII,,,,
6.10,,,AgriTech4Egypt,https://agritechchallenge.org/projects/agritech4egypt,Medium,machine-researched,false,,false,Finance seat / Ministry of Agriculture,3,,,"MACHINE-RESEARCHED PROPOSAL — Level 3. Confirm, correct or reject at validation.
L3 is proposed because the documents show an operational agtech innovation program with a concrete government-linked grant instrument. Operational government grants/funding: the AgriTech4Egypt program ran from May to December 2024 and supported purpose-driven scientists and entrepreneurs, and it provided 'Receive up to 300,000 EGP as an equity-free grant provided by ASRT.' Defined ownership: the grant is provided by ASRT and the project is endorsed by Egypt's Ministry of Higher Education and Scientific Research. Partial coverage: only '15 agri-tech innovation teams who successfully completed an intensive acceleration program, chosen from 900 applicants across 48 countries' were supported. Adoption or interoperability gaps remain: the program targets 'early-stage agri-tech ventures' and participants must 'Test and validate your solution on the ground with end-users for up to 6 months,' indicating solutions are still being validated rather than broadly adopted or interoperable.
Why not L4: L4 is not evidenced because the documents show a single, time-bound challenge and a per-team grant, not a scaled and funded government grants/funding instrument with accountable governance, interoperability, and broad use. There is no evidence of an annual USD government agtech grant budget, nationwide coverage, or institutionalized governance arrangements.
Further sources: AgriTech4Egypt: https://agritechchallenge.org/projects/agritech4egypt · AgriTech4Egypt: https://agritechchallenge.org/projects/agritech4egypt · AgriTech4Egypt: https://agritechchallenge.org/projects/agritech4egypt · AgriTech4Egypt: https://agritechchallenge.org/projects/agritech4egypt · AgriTech4Egypt: https://agritechchallenge.org/projects/agritech4egypt"
6.11,,2026,"Agri Cash [Egypt] | Science, Technology and Innovation (STI) Portal",https://sti-portal.fao.org/innovations/agri-cash-egypt,Medium,machine-researched,false,,false,Central bank / private-sector panel,2,,,"MACHINE-RESEARCHED PROPOSAL — Level 2. Confirm, correct or reject at validation.
L1 is exceeded because a credible agriculture-focused digital financial services platform is documented: ""Agri Cash is a financial technology (FinTech) application specifically designed for the agricultural sector in Egypt."" L2 is the highest level supported: the evidence shows early-stage/ad hoc digital financial services activity for agriculture, with unclear ownership and coverage. The Agricultural Bank of Egypt/eFinance MoU is prospective (""aimed at developing and activating digital financial services"") and includes activation of the Farmer Card linked to agricultural financing. IFPRI states that ""many Egyptian digital tools remain pilot-stage or region-specific, with very few achieving national scale"" and that developers depend on donor-funded projects. FAO's Agri Cash is described as ""operational in Egypt,"" but ""specific adoption metrics are not publicly available"" and no owner is identified. These features are consistent with narrow coverage, unclear ownership, and pilot/ad hoc status rather than a defined operational platform.
Why not L3: L3 requires an operational digital financial services platform for agriculture with defined ownership and partial coverage. The documents do not establish defined ownership or partial coverage: FAO says Agri Cash ""appears to be operational in Egypt"" but also that ""specific adoption metrics are not publicly available,"" and no owner is named. The Agricultural Bank of Egypt/eFinance MoU is forward-looking (""aimed at developing and activating""), not evidence of current operations. Therefore L3 is no
Further sources: Agri Cash [Egypt] | Science, Technology and Innovation (STI) Portal: https://sti-portal.fao.org/innovations/agri-cash-egypt · EFIG Signs MoU with the Agricultural Bank of Egypt to Enhance Digital Financial Services: http://www.efinanceinvestment.com/news/efig-signs-mou-agricultural-bank-egypt-enhance-digital-financial-services · EFIG Signs MoU with the Agricultural Bank of Egypt to Enhance Digital Financial Services: http://www.efinanceinvestment.com/news/efig-signs-mou-agricultural-bank-egypt-enhance-digital-financial-services · Digital Agricultural Technology in Egypt: Insights from App Developers: https://cgspace.cgiar.org/server/api/core/bitstreams/d4a33acc-564a-4e4c-a413-81ba3ebd4d90/content · Digital Agricultural Technology in Egypt: Insights from App Developers: https://cgspace.cgiar.org/server/api/core/bitstreams/d4a33acc-564a-4e4c-a413-81ba3ebd4d90/content"
6.12,,,DPG adoption record,,,named-gap,false,,false,Digital authority,,,,
6.13,,,SME digital-adoption survey,,,named-gap,false,,false,Private-sector panel / statistics office,,,,
6.2,1.02,2024,World Bank WDI / UNESCO,https://data.worldbank.org/indicator/GB.XPD.RSDV.GD.ZS,High,machine-imported,false,,false,Statistics office / science ministry,4,,,Primary official series. Used first.
6.3,,,World Bank B-READY,https://www.worldbank.org/en/businessready,,named-gap,false,,false,B-READY,,,,
6.4,,2026,Fostering Innovation in Egypt’s Agriculture: Success Stories of Startups Driving Change,https://www.undp.org/egypt/stories/fostering-innovation-egypts-agriculture-success-stories-startups-driving-change,Medium,machine-researched,false,,false,Private-sector panel,3,,,"MACHINE-RESEARCHED PROPOSAL — Level 3. Confirm, correct or reject at validation.
L1 is not supported because the documents show multiple active agtech startups rather than isolated informal activity. UNDP reports a project that ""helps farmers, rural communities, and Agritech startups alike by amplifying their voices and introducing them to new tools to grow stronger and adapt to a changing climate."" The evidence also goes beyond L2 pilot/ad hoc or donor-dependent activity: Zr3i is operational, as shown by ""The platform is fully operational and designed for regional realities: bilingual (Arabic/English), offline-ready for rural connectivity, and capable of onboarding both smallholder and commercial farms."" Defined ownership is shown for Mozare3: ""Established in 2020 by co-founders Hussein Abou Bakr, Tamer El-Raghy, and Mohamed Okasha."" Coverage remains partial rather than broad, as Zr3i is ""starting with date palm farming in the MENA region,"" and UNDP documents that engagement is ""helping bridge the often-wide gap between fast-moving innovation and on-the-ground adoption."" These satisfy L3's operational, defined-ownership, partial-coverage, and adoption/interoperability-gap clauses.
Why not L4: L4 is not supported because the documents do not evidence scaled, broad use, accountable governance, or interoperability. The available evidence indicates partial coverage and continuing adoption gaps rather than scaled and accountable agtech firms.
Further sources: 12 top AgriTech companies and startups in Egypt in August 2026: https://www.f6s.com/companies/agritech/egypt/co · Six Egyptian Agritech Startups at the Forefront of Innovation in Agriculture | Egyptian Streets: https://egyptianstreets.com/2023/09/01/six-egyptian-agritech-startups-at-the-forefront-of-innovation-in-agriculture/ · 12 top AgriTech companies and startups in Egypt in August 2026: https://www.f6s.com/companies/agritech/egypt/co · Fostering Innovation in Egypt’s Agriculture: Success Stories of Startups Driving Change: https://www.undp.org/egypt/stories/fostering-innovation-egypts-agriculture-success-stories-startups-driving-change"
6.5,,2025,AgriTech4Egypt,https://agritechchallenge.org/projects/agritech4egypt,Medium,machine-researched,false,,false,Private-sector panel / finance seat,2,,,"MACHINE-RESEARCHED PROPOSAL — Level 2. Confirm, correct or reject at validation.
L2 is met clause-by-clause. Pilot/ad hoc agtech investment: AgriTech4Egypt describes a time-bound program, 'From May to December 2024, the AgriTech4Egypt Innovation challenge supported purpose-driven scientists and entrepreneurs working on agri-tech solutions...' and connected teams with 'investors, venture capitalists' while offering an 'equity-free grant' rather than established VC. Narrow coverage: the specific agtech capital identified is a single earmark, 'US$50 million is earmarked specifically for Egyptian climate-tech initiatives.' Unclear ownership/donor dependence: the investment 'comes via Novastar Ventures, which has secured backing from the Green Climate Fund (GCF)', showing reliance on donor-linked capital. Thus L1 is too low, and L2 is the highest level fully evidenced.
Why not L3: L3 requires operational (not merely allocated/future) venture capital/investment in agtech with defined ownership and partial coverage, plus evidence of adoption or interoperability gaps. The documents do not show actual disbursement or funded agtech startups, and the article conditions outcomes on 'If delivered well...'. No coverage, interoperability or adoption metrics are documented, so L3 is not evidenced.
Further sources: AgriTech4Egypt: https://agritechchallenge.org/projects/agritech4egypt · AgriTech4Egypt: https://agritechchallenge.org/projects/agritech4egypt · Egypt mobilises climate-tech capital: US$50 million allocated to ag-tech startups: https://www.theplatinumcapital.com/article/egypt-mobilises-climate-tech-capital-usdollar50-million-allocated-to-ag-tech-startups · Egypt mobilises climate-tech capital: US$50 million allocated to ag-tech startups: https://www.theplatinumcapital.com/article/egypt-mobilises-climate-tech-capital-usdollar50-million-allocated-to-ag-tech-startups · Egypt mobilises climate-tech capital: US$50 million allocated to ag-tech startups: https://www.theplatinumcapital.com/article/egypt-mobilises-climate-tech-capital-usdollar50-million-allocated-to-ag-tech-startups"
6.6,,,Accelerator landscape,,,named-gap,false,,false,Private-sector panel,,,,
6.7,,,Agribusiness survey,,,named-gap,false,,false,Private-sector panel,,,,
6.8,,2026,Central Bank of Egypt — Regulatory Sandbox,https://www.cbe.org.eg/en/financial-technology/regulatory-sandbox,Medium,machine-researched,false,,false,Regulator / digital authority,3,,,"MACHINE-RESEARCHED PROPOSAL — Level 3. Confirm, correct or reject at validation.
L3 is proposed. The CBE sandbox 'offers a live testing environment for FinTech innovators' and runs as a 'cohort based model' with '2 to 3 cohorts per year', while the FRA sandbox 'has approved the launch of live testing for the first two projects'. Ownership is defined: CBE testing occurs 'under the guidance and supervision of the sandbox team in the Central Bank of Egypt', and FRA testing occurs 'under the supervision of the Financial Regulatory Authority of Egypt (FRA)'. Coverage is partial: CBE applicants must be 'within the scope of FinTech industry' and FRA has 'Focus on Non-Bank Financial Services'; no agtech-specific sandbox is documented. Adoption or interoperability gaps remain: FRA reports '49 project applications to date, of which seven have obtained preliminary approval, including the two projects now undergoing live testing', and the documents do not show interoperability.
Why not L4: L4 is not evidenced because it requires scaled and funded sandboxes with accountable governance, interoperability and broad use. The documents show a free CBE service but 'the applicant must own the resources required for testing under the Regulatory Sandbox' and only '2 to 3 cohorts per year'. FRA data show only 'seven' preliminary approvals and 'the two projects now undergoing live testing' from '49 project applications', indicating use is not yet broad. No document provides evidence of accoun
Further sources: Central Bank of Egypt — Regulatory Sandbox: https://www.cbe.org.eg/en/financial-technology/regulatory-sandbox · Central Bank of Egypt — Regulatory Sandbox: https://www.cbe.org.eg/en/financial-technology/regulatory-sandbox · Central Bank of Egypt — Regulatory Sandbox: https://www.cbe.org.eg/en/financial-technology/regulatory-sandbox · Central Bank of Egypt — Regulatory Sandbox: https://www.cbe.org.eg/en/financial-technology/regulatory-sandbox · Central Bank of Egypt — Regulatory Sandbox: https://www.cbe.org.eg/en/financial-technology/regulatory-sandbox · FRA Sandbox — Regulatory Sandbox: https://frasandbox.com/regulatory-sandbox · FRA Sandbox — Regulatory Sandbox: https://frasandbox.com/regulatory-sandbox · Dailynewsegypt — FRA begins live testing of first two fintech regulatory sandbox projects: https://www.dailynewsegypt.com/2026/08/08/fra-begins-live-testing-of-first-two-fintech-regulatory-sandbox-projects/ · Dailynewsegypt — FRA begins live testing of first two fintech regulatory sandbox projects: https://www.dailynewsegypt.com/2026/08/08/fra-begins-live-testing-of-first-two-fintech-regulatory-sandbox-projects/"
6.9,,,PPP register,,,named-gap,false,,false,Ministry of Agriculture,,,,
7.1,21,2024,Our World in Data,https://ourworldindata.org/grapher/scholarly-publications-on-artificial-intelligence-per-million-people,High,machine-imported,false,,false,Science ministry,4,,,Egypt   21
7.10,,,Model cards / farmer-facing notices,,,named-gap,false,,false,Digital authority / independent challenger,,,,
7.11,,,Bias-assessment reports,,,named-gap,false,,false,Independent challenger / digital authority,,,,
7.12,,2025,Ministry of Agriculture and Land Reclamation,https://www.moalr.gov.eg/,Medium,assessor,false,,false,Digital authority / farmer representative,,3,Randeep Sudan,"QA delivery loop — scripted demonstration record, not an official Government of Egypt reading."
7.2,,,Public-sector AI inventory,,,named-gap,false,,false,Ministry of Agriculture / digital authority,,,,
7.3,,,Advisory reach statistics,,,named-gap,false,,false,Ministry of Agriculture,,,,
7.4,,,Detection-system coverage,,,named-gap,false,,false,Ministry of Agriculture,,,,
7.5,,,Agri-finance AI deployments,,,named-gap,false,,false,Central bank / private-sector panel,,,,
7.6,,,Traceability / logistics systems,,,named-gap,false,,false,Private-sector panel,,,,
7.7,,,Climate-risk AI services,,,named-gap,false,,false,Met service / Ministry of Agriculture,,,,
7.8,,,Workforce / vacancy data,,,named-gap,false,,false,Ministry of Agriculture,,,,
7.9,,2025,Ministry of Agriculture and Land Reclamation,https://www.moalr.gov.eg/,Medium,assessor,false,,false,National CERT / digital authority,,3,Randeep Sudan,"QA delivery loop — scripted demonstration record, not an official Government of Egypt reading."
8.1,9.4,2023,World Bank WDI / FAO,https://data.worldbank.org/indicator/SN.ITK.DEFC.ZS,High,machine-imported,false,,false,Statistics office / FAO,3,,,Primary official series. Used first.
8.10,,,FDUS / household expenditure survey,,,named-gap,false,,false,Statistics office,,,,
8.11,,,Platform language audit,,,named-gap,false,,false,Digital authority / farmer representative,,,,
8.12,,,Impact-evidence register,,,named-gap,false,,false,Evidence panel / independent challenger,,,,
8.13,,,Impact-evidence register,,,named-gap,false,,false,Evidence panel / independent challenger,,,,
8.14,,,Climate-service reach statistics,,,named-gap,false,,false,Met service / Ministry of Agriculture,,,,
8.15,,,Environmental-sustainability assessment,,,named-gap,false,,false,Environment ministry / Ministry of Agriculture,,,,
8.2,40.21,2024,Global Findex (female account ownership),https://data.worldbank.org/indicator/FX.OWN.TOTL.FE.ZS,High,machine-imported,false,,false,Global Findex,3,,,Primary official series. Used first.
8.3,5.74,2024,Global Findex (male minus female account ownership),https://data.worldbank.org/indicator/FX.OWN.TOTL.FE.ZS,High,machine-imported,false,,false,Global Findex,4,,,Primary official series. Used first.
8.4,15.61,2024,Global Findex — mobile money account (via World Bank Data360),https://www.worldbank.org/en/publication/globalfindex,High,machine-imported,false,,false,Global Findex,2,,,Primary official series. Used first.
8.5,0.7,2014,"World Bank Gender Statistics (women who own land, alone or jointly)",https://data.worldbank.org/indicator/SG.OWN.LDAL.FE.ZS,Low/Estimated,proxy,true,Proxy: Gender Statistics series on women who own land alone or jointly. Confirm against FAO Gender and Land Rights / the agricultural census share of female holders.,false,FAO / statistics office,1,,,"Official publisher, but the series is a documented proxy for the DAMM indicator."
8.6,,,GSMA / Findex gender gap in mobile ownership,https://www.worldbank.org/en/publication/globalfindex,,named-gap,false,,false,GSMA / Global Findex,,,,
8.7,,,Farmer demand and use survey,,,named-gap,false,,false,Ministry of Agriculture / statistics office,,,,
8.8,,,Farmer demand and use survey,,,named-gap,false,,false,Ministry of Agriculture / statistics office,,,,
8.9,,,Farmer demand and use survey,,,named-gap,false,,false,Ministry of Agriculture / statistics office,,,,
