kind,claim,quote,source_name,source_url,published_year,credibility,pillar_hint,created_at
opportunistic,AgriCash is an Egyptian agri-fintech startup offering a 'Buy & Plant Now Pay Later' model with 0% interest for 12 months and credit limits up to 5 million EGP.,"AgriCash is 1st Agri-FinTech BPLPN ""Buy & Plant Now Pay Later"" in the Egyptian Agri-sector with 0% interest rate for 12 months with a credit limit of up to 5M EGP.",12 top AgriTech companies and startups in Egypt in August 2026,https://www.f6s.com/companies/agritech/egypt/co,2026,E,C1,Tue Aug 18 2026 22:05:21 GMT+0700 (Indochina Time)
opportunistic,AgriCash operates a B2B and B2C e-commerce platform for agricultural and livestock inputs with installment services and multiple payment methods.,"AgriCash is a B2B & B2C e-commerce platform for agricultural & livestock inputs, with installment services with different payment methods.",12 top AgriTech companies and startups in Egypt in August 2026,https://www.f6s.com/companies/agritech/egypt/co,2026,E,C1,Tue Aug 18 2026 22:05:21 GMT+0700 (Indochina Time)
opportunistic,"Croptimus is a Cairo-based OEM technology licensing platform that converts carbon-rich organic waste into biochar, activated carbon, wood vinegar, syngas, carbon credits, bio-oil, and technology licensing.","We convert any carbon-rich organic waste into 6 simultaneous high-value outputs: biochar (soil amendment, $300/ton), activated carbon (water treatment, $2,000/ton), wood vinegar (natural pesticide/ agrichemicals), syngas (energy recovery), carbon credits (Puro.earth CORC-certified, $150/tCOe), Bio-oil (biotech and cosmetics industry), and technology licensing (100% gross margin).",12 top AgriTech companies and startups in Egypt in August 2026,https://www.f6s.com/companies/agritech/egypt/co,2026,E,C1,Tue Aug 18 2026 22:05:21 GMT+0700 (Indochina Time)
opportunistic,"Zr3i is a Cairo-based climate-tech platform transforming agriculture into verified, investable carbon assets, starting with date palm farming in the MENA region.","Zr3i is a climate-tech platform transforming agriculture into verified, investable carbon assets, starting with date palm farming in the MENA region.",12 top AgriTech companies and startups in Egypt in August 2026,https://www.f6s.com/companies/agritech/egypt/co,2026,E,C1,Tue Aug 18 2026 22:05:21 GMT+0700 (Indochina Time)
opportunistic,"Zr3i uses AI analytics, satellite imagery, and internationally aligned carbon methodologies for measurement, reporting, and verification of emissions reductions and carbon sequestration at the farm level.","By combining AI analytics, satellite imagery, and internationally aligned carbon methodologies, Zr3i enables accurate measurement, reporting, and verification (MRV) of emissions reductions and carbon sequestration at the farm level.",12 top AgriTech companies and startups in Egypt in August 2026,https://www.f6s.com/companies/agritech/egypt/co,2026,E,C1,Tue Aug 18 2026 22:05:21 GMT+0700 (Indochina Time)
opportunistic,Zr3i was founded in Cairo in 2022.,"Cairo, Egypt Founded 2022",12 top AgriTech companies and startups in Egypt in August 2026,https://www.f6s.com/companies/agritech/egypt/co,2022,E,C1,Tue Aug 18 2026 22:05:21 GMT+0700 (Indochina Time)
opportunistic,"A Cairo-based startup founded in 2022 provides farming companies with crop monitoring solutions derived from Earth observation data, including crop water status, health, fertilization, and yield projections with a 5-day interval.","We are providing farming companies with accurate crop monitoring solutions derived from EO data. Our solutions include tracking crop water status, crop health, crop fertilization, and yield projections along the season with a 5-day interval.",12 top AgriTech companies and startups in Egypt in August 2026,https://www.f6s.com/companies/agritech/egypt/co,2022,E,C1,Tue Aug 18 2026 22:05:21 GMT+0700 (Indochina Time)
opportunistic,Plug'n'Grow is a Cairo-based startup founded in 2019 that develops advanced agriculture technologies to address food security and water scarcity.,"Plug’n’Grow develops advanced agriculture technologies to tackle the critical issues of food security and water scarcity, arising from desertification, urbanization, climate change, and an increasing global population.",12 top AgriTech companies and startups in Egypt in August 2026,https://www.f6s.com/companies/agritech/egypt/co,2019,E,C1,Tue Aug 18 2026 22:05:21 GMT+0700 (Indochina Time)
opportunistic,A 2025 AUC master's thesis studied the role of Egyptian agri-tech startups in changing farmers' practices through interviews with founding teams of 3 startups and 24 smallholder farmers from Menia and Beni Sweif.,"through in-depth face-to-face interviews with the founding team of 3 startups and 24 Egyptian small-holder farmers from Menia and Beni Sweif, the research discovers the role of Agri-tech startups in changing farmers' practices",Rural Entrepreneurship in Upper Egyptian Communities: Exploring the Intervention of Agri-Tech Startups,https://fount.aucegypt.edu/etds/2470/,2025,E,C1,Tue Aug 18 2026 22:05:21 GMT+0700 (Indochina Time)
opportunistic,Egyptian agri-tech startups influence farmers' agricultural practices through mobile applications providing climate-smart advisory information and e-commerce platforms.,"the Agri-tech startups influenced the agricultural practices of farmers, through mobile applications giving climate smart advisory information and e-commerce platforms.",Rural Entrepreneurship in Upper Egyptian Communities: Exploring the Intervention of Agri-Tech Startups,https://fount.aucegypt.edu/etds/2470/,2025,E,C1,Tue Aug 18 2026 22:05:21 GMT+0700 (Indochina Time)
opportunistic,The AgriTech4Egypt Innovation Challenge ran from May to December 2024 to support scientists and entrepreneurs working on agri-tech solutions for Egypt's agricultural system.,"From May to December 2024, the AgriTech4Egypt Innovation challenge supported purpose-driven scientists and entrepreneurs working on agri-tech solutions for a more sustainable, efficient, and climate-resilient agricultural system in Egypt.",AgriTech4Egypt,https://agritechchallenge.org/projects/agritech4egypt,2024,E,C1,Tue Aug 18 2026 22:05:21 GMT+0700 (Indochina Time)
opportunistic,"The AgriTech4Egypt Demo Day brought together 127 attendees including industry experts, public sector representatives, investors, venture capitalists, agribusinesses, research organizations, universities, and agri-tech enthusiasts.","Demo Day brought together 127 attendees, comprising a diverse group of industry experts, public sector representatives, investors, venture capitalists, agribusinesses, research organizations, universities and agri-tech enthusiasts.",AgriTech4Egypt,https://agritechchallenge.org/projects/agritech4egypt,2024,E,C1,Tue Aug 18 2026 22:05:21 GMT+0700 (Indochina Time)
opportunistic,The AgriTech4Egypt Innovation Challenge required applicants to have a Minimum Viable Product or Proof of Concept and provided 15 business and science workshops and 270 hours of individualized mentorship to 15 innovation teams.,"Applicants had to have a Minimum Viable Product (MVP) or Proof of Concept (POC). Through 15 business and science workshops and 270 hours of individualized mentorship, this program supported and prepared 15 innovation teams to build a solid go-to-market strategy.",AgriTech4Egypt,https://agritechchallenge.org/projects/agritech4egypt,2024,E,C1,Tue Aug 18 2026 22:05:21 GMT+0700 (Indochina Time)
opportunistic,"A December 2025 IFPRI policy note reports that smartphone applications, websites, call centers, and SMS-based platforms in Egypt now offer advice on crop management, weather and climate alerts, input and output price information, traceability tools, and digital marketplaces.","Smartphone applications, websites, call centers, and SMS-based platforms now offer ad-vice on crop management, weather and climate alerts, input and output price information, traceability tools, and digital marketplaces.",Digital Agricultural Technology in Egypt: Insights from App Developers,https://cgspace.cgiar.org/server/api/core/bitstreams/d4a33acc-564a-4e4c-a413-81ba3ebd4d90/content,2025,E,E1,Tue Aug 18 2026 22:05:21 GMT+0700 (Indochina Time)
opportunistic,"The developer landscape for digital agriculture in Egypt is described as fragmented, dominated by early-stage startups facing funding shortages, limited technical capacity, and inconsistent demand from farmers and agribusinesses.","The developer landscape in Egypt is described as fragmented, domi-nated by early-stage startups facing funding shortages, limited technical capacity, and inconsistent de-mand from farmers and agribusinesses",Digital Agricultural Technology in Egypt: Insights from App Developers,https://cgspace.cgiar.org/server/api/core/bitstreams/d4a33acc-564a-4e4c-a413-81ba3ebd4d90/content,2025,E,E1,Tue Aug 18 2026 22:05:21 GMT+0700 (Indochina Time)
opportunistic,"Egyptian digital agriculture app developers often rely on partnerships with NGOs and donor-funded programs to reach farmers, creating dependency on project cycles rather than stable revenue streams.","Egyptian developers often rely on partnerships with NGOs and donor-funded programs to reach farmers, creating dependency on project cycles rather than stable revenue streams.",Digital Agricultural Technology in Egypt: Insights from App Developers,https://cgspace.cgiar.org/server/api/core/bitstreams/d4a33acc-564a-4e4c-a413-81ba3ebd4d90/content,2025,E,E1,Tue Aug 18 2026 22:05:21 GMT+0700 (Indochina Time)
opportunistic,"Egypt performs better than several other countries in the region in telecom infrastructure and fintech regulation, but lags behind leaders like Morocco in agritech-specific incentives and incubator support.","Egypt performs better than several other countries in the region in both telecom infrastructure and fintech regulation, but lags behind leaders like Morocco in agritech-specific incentives and incubator support.",Digital Agricultural Technology in Egypt: Insights from App Developers,https://cgspace.cgiar.org/server/api/core/bitstreams/d4a33acc-564a-4e4c-a413-81ba3ebd4d90/content,2025,E,E1,Tue Aug 18 2026 22:05:21 GMT+0700 (Indochina Time)
opportunistic,"The Egypt mobile payments market is projected to be USD 84.93 billion in 2025, USD 92.37 billion in 2026, and reach USD 137.18 billion by 2031, growing at a CAGR of 8.23% from 2026 to 2031.","The Egypt mobile payments market size is projected to be USD 84.93 billion in 2025, USD 92.37 billion in 2026, and reach USD 137.18 billion by 2031, growing at a CAGR of 8.23% from 2026 to 2031.","Egypt Mobile Payments Market Analysis | Industry Forecast, Size & Growth Insights",https://www.mordorintelligence.com/industry-reports/egypt-mobile-payment-market,2026,E,C2,Tue Aug 18 2026 22:05:21 GMT+0700 (Indochina Time)
opportunistic,"A mandatory QR-code acceptance program, tokenization of state-backed Meeza cards inside wallet apps, and rapid scale-up of the InstaPay instant-payment rail are jointly accelerating cash-to-digital migration in Egypt.","A mandatory QR-code acceptance program, the tokenization of state-backed Meeza cards inside wallet apps, and the rapid scale-up of the InstaPay instant-payment rail are jointly accelerating cash-to-digital migration among consumers and micro-merchants.","Egypt Mobile Payments Market Analysis | Industry Forecast, Size & Growth Insights",https://www.mordorintelligence.com/industry-reports/egypt-mobile-payment-market,2026,E,C2,Tue Aug 18 2026 22:05:21 GMT+0700 (Indochina Time)
opportunistic,"By end-2024, InstaPay had 12.5 million users who executed 1.5 billion transfers worth EGP 2.9 trillion (USD 62.2 billion).","By end-2024, 12.5 million users executed 1.5 billion transfers worth EGP 2.9 trillion (USD 62.2 billion), firmly positioning the rail as Egypt’s de facto interbank clearing layer.","Egypt Mobile Payments Market Analysis | Industry Forecast, Size & Growth Insights",https://www.mordorintelligence.com/industry-reports/egypt-mobile-payment-market,2024,E,C2,Tue Aug 18 2026 22:05:21 GMT+0700 (Indochina Time)
opportunistic,"The December 2024 cross-border pilot extended InstaPay into GCC corridors, accelerating instant liquidity for remittance recipients.","The December 2024 cross-border pilot extended InstaPay into GCC corridors, accelerating instant liquidity for remittance recipients and adding a high-margin revenue stream for wallet operators.","Egypt Mobile Payments Market Analysis | Industry Forecast, Size & Growth Insights",https://www.mordorintelligence.com/industry-reports/egypt-mobile-payment-market,2024,E,C2,Tue Aug 18 2026 22:05:21 GMT+0700 (Indochina Time)
opportunistic,"By mode of payment, Online Sales led with 51.89% revenue share in Egypt's mobile payments market in 2025, while Point of Sales is forecast to expand at a 9.12% CAGR through 2031.","By mode of payment, Online Sales led with 51.89% revenue share in 2025, while Point of Sales is forecast to expand at a 9.12% CAGR through 2031.","Egypt Mobile Payments Market Analysis | Industry Forecast, Size & Growth Insights",https://www.mordorintelligence.com/industry-reports/egypt-mobile-payment-market,2025,E,C2,Tue Aug 18 2026 22:05:21 GMT+0700 (Indochina Time)
opportunistic,"QR-based methods captured 48.67% of the Egypt mobile payments market share in 2025, while NFC is poised to grow at a 10.24% CAGR.","By payment type, QR-based methods captured 48.67% of the Egypt mobile payments market share in 2025, yet NFC is poised to grow at a 10.24% CAGR as tokenization partnerships widen.","Egypt Mobile Payments Market Analysis | Industry Forecast, Size & Growth Insights",https://www.mordorintelligence.com/industry-reports/egypt-mobile-payment-market,2025,E,C2,Tue Aug 18 2026 22:05:21 GMT+0700 (Indochina Time)
opportunistic,"Peer-to-Peer flows accounted for 53.92% of the Egypt mobile payments market size in 2025, while Person to Business transactions are set to advance at a 9.37% CAGR through 2031.","By transaction type, Peer-to-Peer flows accounted for 53.92% of the Egypt mobile payments market size in 2025, whereas Person to Business transactions are set to advance at a 9.37% CAGR through 2031.","Egypt Mobile Payments Market Analysis | Industry Forecast, Size & Growth Insights",https://www.mordorintelligence.com/industry-reports/egypt-mobile-payment-market,2025,E,C2,Tue Aug 18 2026 22:05:21 GMT+0700 (Indochina Time)
opportunistic,"Retail and E-Commerce held 38.59% share of the Egypt mobile payments market size in 2025, while Transportation and Logistics is projected to accelerate at an 11.56% CAGR to 2031.","By application, Retail and E-Commerce held 38.59% share of the Egypt mobile payments market size in 2025, while Transportation and Logistics is projected to accelerate at an 11.56% CAGR to 2031.","Egypt Mobile Payments Market Analysis | Industry Forecast, Size & Growth Insights",https://www.mordorintelligence.com/industry-reports/egypt-mobile-payment-market,2025,E,C2,Tue Aug 18 2026 22:05:21 GMT+0700 (Indochina Time)
opportunistic,Fawry led Egypt's mobile payments competitive landscape with the broadest merchant network and service diversity.,Fawry led the competitive landscape with the broadest merchant network and service diversity,Egypt Mobile Payments Market Research Report 2034,https://marketintelo.com/report/egypt-mobile-payments-market,2026,E,C2,Tue Aug 18 2026 22:05:21 GMT+0700 (Indochina Time)
opportunistic,The number of registered mobile wallets in Egypt surpassed 35 million by 2025.,The Egyptian fintech ecosystem saw the number of registered mobile wallets surpass 35 million by 2025,Egypt Mobile Payments Market Research Report 2034,https://marketintelo.com/report/egypt-mobile-payments-market,2025,E,C2,Tue Aug 18 2026 22:05:21 GMT+0700 (Indochina Time)
opportunistic,Cairo's formalized retail sector has achieved mobile payment acceptance rates exceeding 67% at large merchant locations.,"Cairo's formalized retail sector, which includes major hypermarkets, fuel networks, and utility service providers, has achieved mobile payment acceptance rates exceeding 67% at large merchant locations",Egypt Mobile Payments Market Research Report 2034,https://marketintelo.com/report/egypt-mobile-payments-market,2025,E,C2,Tue Aug 18 2026 22:05:21 GMT+0700 (Indochina Time)
opportunistic,"ICARDA held training workshops for 35 FAO facilitators and field coordinators to help 1,500 Egyptian farmers adopt the GeoAgro-MiSR app in Kafr El-Sheikh, Menia, and Qena governorates.","held training workshops for 35 facilitators and field coordinators from UN FAO to help them support 1,500 Egyptian farmers",GeoAgro-Misr Digital Application Training in Egypt,https://icarda.org/media/news/geoagro-misr-digital-application-training-egypt,2024,E,C1,Tue Aug 18 2026 22:05:21 GMT+0700 (Indochina Time)
opportunistic,"The GeoAgro-MiSR app provides AI services and advisory content for six crops, with Arabic language accessibility tested with farmers in Kafr El-Sheikh.","selected farmers received an overview of GeoAgro-MiSR’s features and AI services, reviewed advisory content for six crops",GeoAgro-Misr Digital Application Training in Egypt,https://icarda.org/media/news/geoagro-misr-digital-application-training-egypt,2024,E,C1,Tue Aug 18 2026 22:05:21 GMT+0700 (Indochina Time)
opportunistic,"The GeoAgro-MiSR app is part of the Water Productivity Enhancement in Agriculture Project launched by FAO Egypt, ICARDA, and the Egyptian Ministry of Water and Irrigation, funded by Japan.","FAO Egypt, ICARDA, and the Egyptian Ministry of Water and Irrigation launched the Water Productivity Enhancement in Agriculture Project, funded by the government of Japan",GeoAgro-Misr Digital Application Training in Egypt,https://icarda.org/media/news/geoagro-misr-digital-application-training-egypt,2024,E,C1,Tue Aug 18 2026 22:05:21 GMT+0700 (Indochina Time)
opportunistic,The Water Productivity Enhancement in Agriculture Project aims to achieve at least a 20% increase in water usage efficiency by smallholder farmers and 10% to 20% improvement in crop yields.,"the project aims to achieve at least a 20% increase in water usage efficiency by smallholder farmers, as well as 10% to 20% improvement in crop yields",GeoAgro-Misr Digital Application Training in Egypt,https://icarda.org/media/news/geoagro-misr-digital-application-training-egypt,2024,E,C1,Tue Aug 18 2026 22:05:21 GMT+0700 (Indochina Time)
opportunistic,"Smartphone applications, websites, call centers, and SMS-based platforms in Egypt now offer advice on crop management, weather and climate alerts, input and output price information, traceability tools, and digital marketplaces.","Smartphone applications, websites, call centers, and SMS-based platforms now offer advice on crop management, weather and climate alerts, input and output price information, traceability tools, and digital marketplaces",Digital agricultural technology in Egypt: Insights from app developers,https://cgspace.cgiar.org/items/bda5b0ee-69b7-4916-b1ec-b287500e9ee2,2025,E,C1,Tue Aug 18 2026 22:05:21 GMT+0700 (Indochina Time)
opportunistic,Egypt's Ministry of Communications and Information Technology and Ministry of Agriculture and Land Reclamation reviewed five joint digital transformation projects including agriculture services on the digital Egypt platform and farmers' cards.,"the meeting dealt with the five top projects implemented in cooperation between the two ministries. They included the launch of agriculture and land reclamation services on the digital Egypt platform, mechanising the agricultural acquisition system issuing farmers’ cards",Egyptian Government Reviews Digital Transformation Projects in the Agricultural Sector,https://spaceinafrica.com/2021/06/10/egyptian-government-reviews-digital-transformation-projects-in-the-agricultural-sector/,2021,E,C1,Tue Aug 18 2026 22:05:21 GMT+0700 (Indochina Time)
opportunistic,Egypt's Ministry of Agriculture and Land Reclamation established a digital transformation unit to include digital transformation as one of Egypt's updated agricultural strategy programmes.,his ministry had established a digital transformation unit to include digital transformation as one of Egypt’s updated agricultural strategy programmes,Egyptian Government Reviews Digital Transformation Projects in the Agricultural Sector,https://spaceinafrica.com/2021/06/10/egyptian-government-reviews-digital-transformation-projects-in-the-agricultural-sector/,2021,E,C1,Tue Aug 18 2026 22:05:21 GMT+0700 (Indochina Time)
opportunistic,"In 2021, Egypt planned to automate 20 services to be launched on the Digital Egypt platform and the Ministry of Agriculture and Land Reclamation's portal.","In 2021, there are plans to automate 20 services that will be launched on the Digital Egypt platform and the Ministry of Agriculture and Land Reclamation’s portal",Egyptian Government Reviews Digital Transformation Projects in the Agricultural Sector,https://spaceinafrica.com/2021/06/10/egyptian-government-reviews-digital-transformation-projects-in-the-agricultural-sector/,2021,E,C1,Tue Aug 18 2026 22:05:21 GMT+0700 (Indochina Time)
opportunistic,"Egypt's 1.5 Million Feddan megaproject, introduced in 2017, is overseen by the state-owned Egyptian Countryside Development Company and aims to increase agricultural land by almost 20%.","the Egyptian government’s 1.5 Million Feddan megaproject, introduced in 2017, is now reaping benefits",Egypt’s Sustainable Agricultural Transformation Leverages Cutting-Edge Technology,https://sponsored.bloomberg.com/article/ministry-of-international-cooperation/egypts-sustainable-agricultural-transformation-taps-into-cutting-edge-technology,2023,E,C1,Tue Aug 18 2026 22:05:21 GMT+0700 (Indochina Time)
opportunistic,The 1.5 Million Feddan Project aims to increase agricultural land by almost 20% through the creation of a new Egyptian countryside on reclaimed land.,"The 1.5 Million Feddan Project is at the core of Egypt’s agricultural renaissance, and aims to increase agricultural land by almost 20%",Egypt’s Sustainable Agricultural Transformation Leverages Cutting-Edge Technology,https://sponsored.bloomberg.com/article/ministry-of-international-cooperation/egypts-sustainable-agricultural-transformation-taps-into-cutting-edge-technology,2023,E,C1,Tue Aug 18 2026 22:05:21 GMT+0700 (Indochina Time)
opportunistic,Egypt's Sustainable Agriculture Investments and Livelihoods Project (SAIL) is catalyzing digital adoption in the agricultural sector.,the government’s Sustainable Agriculture Investments and Livelihoods Project (SAIL) is catalyzing digital adoption in the sector,Egypt’s Sustainable Agricultural Transformation Leverages Cutting-Edge Technology,https://sponsored.bloomberg.com/article/ministry-of-international-cooperation/egypts-sustainable-agricultural-transformation-taps-into-cutting-edge-technology,2023,E,C1,Tue Aug 18 2026 22:05:21 GMT+0700 (Indochina Time)
opportunistic,"In 2022, Egypt's agricultural exports reached nearly 6.5 million tons with a value of about $3.3 billion, a 14% increase from 2021.","In 2022, for the first time, Egypt’s agricultural exports reached nearly 6.5 million tons, with a value of about $3.3 billion, which amounts to a 14% increase from 2021",Egypt’s Sustainable Agricultural Transformation Leverages Cutting-Edge Technology,https://sponsored.bloomberg.com/article/ministry-of-international-cooperation/egypts-sustainable-agricultural-transformation-taps-into-cutting-edge-technology,2023,E,C1,Tue Aug 18 2026 22:05:21 GMT+0700 (Indochina Time)
opportunistic,Egypt's Ministry of Agriculture and Land Reclamation formulated the Sustainable Agricultural Development Strategy 2030 (SADS) aligned with the country's Vision 2030 initiative.,"Egypt’s Ministry of Agriculture and Land Reclamation (MALR) formulated comprehensive strategies to promote sustainable agricultural growth, modernize agriculture and enhance rural livelihoods as part of its Sustainable Agricultural Development Strategy 2030 (SADS)",cd6740en.pdf,https://openknowledge.fao.org/bitstreams/e5eac8c4-9eaf-491a-88c7-29be21b103da/download,,A,C1,Tue Aug 18 2026 22:05:21 GMT+0700 (Indochina Time)
opportunistic,Egypt launched its National Climate Change Strategy 2050 (NCCS) in May 2022 as the country's overarching climate policy framework.,"Egypt launched its National Climate Change Strategy 2050 (NCCS) in May 2022, which serves as the country’s overarching climate policy framework",cd6740en.pdf,https://openknowledge.fao.org/bitstreams/e5eac8c4-9eaf-491a-88c7-29be21b103da/download,2022,A,C1,Tue Aug 18 2026 22:05:21 GMT+0700 (Indochina Time)
opportunistic,Egypt lacks a dedicated policy on extension and rural advisory services.,Egypt lacks a dedicated policy on extension and rural advisory services,cd6740en.pdf,https://openknowledge.fao.org/bitstreams/e5eac8c4-9eaf-491a-88c7-29be21b103da/download,,A,C1,Tue Aug 18 2026 22:05:21 GMT+0700 (Indochina Time)
opportunistic,"In Egypt, rural advisory services are primarily provided by the public sector, with NGOs, international cooperation projects, the private sector and cooperatives also playing significant roles.","In Egypt, rural advisory services (RAS) are primarily provided by the public sector, although NGOs, international cooperation projects, the private sector and cooperatives also play significant roles",cd6740en.pdf,https://openknowledge.fao.org/bitstreams/e5eac8c4-9eaf-491a-88c7-29be21b103da/download,,A,C1,Tue Aug 18 2026 22:05:21 GMT+0700 (Indochina Time)
opportunistic,The Egypt Smart Agriculture IoT Platforms Market is valued at USD 1.2 billion based on a five-year historical analysis.,"The Egypt Smart Agriculture IoT Platforms Market is valued at USD 1.2 billion, based on a five-year historical analysis",Egypt Smart Agri IoT Market | 2019-2030 | Ken Research,https://www.kenresearch.com/egypt-smart-agriculture-iot-platforms-market,2024,E,C1,Tue Aug 18 2026 22:05:21 GMT+0700 (Indochina Time)
opportunistic,"In 2023, the Egyptian government implemented a national strategy aimed at promoting smart agriculture through IoT technologies with a budget allocation of USD 200 million for research and development.","In 2023, the Egyptian government implemented a national strategy aimed at promoting smart agriculture through IoT technologies. This initiative includes a budget allocation of USD 200 million to support research and development",Egypt Smart Agri IoT Market | 2019-2030 | Ken Research,https://www.kenresearch.com/egypt-smart-agriculture-iot-platforms-market,2023,E,C1,Tue Aug 18 2026 22:05:21 GMT+0700 (Indochina Time)
opportunistic,Sensor-based solutions are leading the Egypt Smart Agriculture IoT Platforms Market due to their ability to provide real-time data and insights for optimizing agricultural practices.,"Among these, sensor-based solutions are leading the market due to their ability to provide real-time data and insights, which are crucial for optimizing agricultural practices",Egypt Smart Agri IoT Market | 2019-2030 | Ken Research,https://www.kenresearch.com/egypt-smart-agriculture-iot-platforms-market,2024,E,C1,Tue Aug 18 2026 22:05:21 GMT+0700 (Indochina Time)
opportunistic,Large agricultural enterprises dominate the Egypt Smart Agriculture IoT Platforms Market end-user segment as they have resources to invest in advanced IoT technologies.,"Large agricultural enterprises dominate this segment as they have the resources to invest in advanced IoT technologies, which enhance operational efficiency and productivity",Egypt Smart Agri IoT Market | 2019-2030 | Ken Research,https://www.kenresearch.com/egypt-smart-agriculture-iot-platforms-market,2024,E,C1,Tue Aug 18 2026 22:05:21 GMT+0700 (Indochina Time)
opportunistic,Agriculture accounts for 80% of Egypt's water consumption.,With agriculture accounting for 80% of Egypt’s water consumption,Climate and Water-Smart Agriculture in Egypt: Opportunities and Challenges for Dutch Businesses | Agroberichten Buitenland,https://www.agroberichtenbuitenland.nl/landeninformatie/midden-oosten/egypte/instrumenten/climate-and-water-smart-agriculture-in-egypt-opportunities-and-challenges-for-dutch-businesses,,E,C1,Tue Aug 18 2026 22:05:21 GMT+0700 (Indochina Time)
opportunistic,"Egypt is investing heavily in protected cultivation driven by the need for higher yields and water efficiency, with existing infrastructure dominated by low- to medium-tech greenhouses.","Egypt is investing heavily in protected cultivation, driven by the need for higher yields and water efficiency. The existing infrastructure, dominated by low- to medium-tech greenhouses, offers substantial room for improvement",Climate and Water-Smart Agriculture in Egypt: Opportunities and Challenges for Dutch Businesses | Agroberichten Buitenland,https://www.agroberichtenbuitenland.nl/landeninformatie/midden-oosten/egypte/instrumenten/climate-and-water-smart-agriculture-in-egypt-opportunities-and-challenges-for-dutch-businesses,,E,C1,Tue Aug 18 2026 22:05:21 GMT+0700 (Indochina Time)
opportunistic,"In 2020, 95% of individuals in Egypt owned mobile phones.",98.8% of Egyptian households and 95% of individuals owned mobile phones,GeoPoll - Mobile Penetration and Mobile Internet in Egypt,https://www.geopoll.com/blog/egypt-mobile-penetration/,2020,E,C1,Tue Aug 18 2026 22:05:21 GMT+0700 (Indochina Time)
opportunistic,"In January 2021, Egypt had 95.75 million mobile connections, equivalent to 92.7% of the total population.","there were 95.75 million mobile connections in Egypt in January 2021, equivalent to 92.7% of the total population",GeoPoll - Mobile Penetration and Mobile Internet in Egypt,https://www.geopoll.com/blog/egypt-mobile-penetration/,2021,E,C1,Tue Aug 18 2026 22:05:21 GMT+0700 (Indochina Time)
opportunistic,Mobile internet usage in Egypt rose from 39 million users in the last quarter of 2019 to 52.4 million in the same period of 2020.,increasing from 39 million in the last quarter of 2019 to 52.4 million in the same period in 2020,GeoPoll - Mobile Penetration and Mobile Internet in Egypt,https://www.geopoll.com/blog/egypt-mobile-penetration/,2020,E,C1,Tue Aug 18 2026 22:05:21 GMT+0700 (Indochina Time)
opportunistic,Egypt's digital agriculture developer landscape is fragmented and dominated by early-stage startups facing funding shortages and limited technical capacity.,"The developer landscape in Egypt is described as fragmented, domi-nated by early-stage startups facing funding shortages, limited technical capacity",CGIAR - Digital Agricultural Technology in Egypt: Insights from App Developers,https://cgspace.cgiar.org/server/api/core/bitstreams/d4a33acc-564a-4e4c-a413-81ba3ebd4d90/content,2025,E,C2,Tue Aug 18 2026 22:05:21 GMT+0700 (Indochina Time)
opportunistic,Egypt performs better than several other countries in the region in telecom infrastructure and fintech regulation but lags behind Morocco in agritech-specific incentives and incubator support.,"Egypt performs better than several other countries in the region in both telecom infrastructure and fintech regulation, but lags behind leaders like Morocco in agritech-specific incentives and incubator support",CGIAR - Digital Agricultural Technology in Egypt: Insights from App Developers,https://cgspace.cgiar.org/server/api/core/bitstreams/d4a33acc-564a-4e4c-a413-81ba3ebd4d90/content,2025,E,C2,Tue Aug 18 2026 22:05:21 GMT+0700 (Indochina Time)
opportunistic,Internet access services in Egypt are priced beyond the financial reach of the vast majority of Egyptians.,these services are priced beyond the financial reach of the vast majority of Egyptians,Masaar - How Do Internet Pricing Policies in Egypt Undermine the Right to Access?,https://masaar.net/en/internet-pricing-in-egypt/,2026,E,C1,Tue Aug 18 2026 22:05:21 GMT+0700 (Indochina Time)
opportunistic,Egypt's internet speeds increased nearly 1400% from 5.4 MB/s in 2017 to 80.3 MB/s as of January 2025.,"internet speeds have increased nearly 1400%, growing from 5.4 MB/s in 2017 to 80.3 MB/s as of January 2025","EnterpriseAM - Egypt leads Africa for top internet speed, but trails behind the Gulf",https://enterpriseam.com/egypt/hardhats/egypt-leads-africa-for-top-internet-speed-but-trails-behind-the-gulf/,2025,E,C1,Tue Aug 18 2026 22:05:21 GMT+0700 (Indochina Time)
opportunistic,"Egypt's median download speed is 11.5 Mbps, ranking 101st of 119 countries.","At a median 11.5 Mbps download, Egypt sits near the back of the field: #101 of 119 ranked countries",SpeedOf.Me - Average Internet Speed in Egypt (2026),https://speedof.me/internet-speed/egypt,2026,E,C1,Tue Aug 18 2026 22:05:21 GMT+0700 (Indochina Time)
opportunistic,"In the second half of 2016, Egypt ranked 146th out of 150 countries for fixed broadband download speeds.",Egypt ranks 146th out of 150 countries for fixed broadband download speeds,"Egypt Independent - Egypt’s internet speed among world’s slowest, ranking 146 out of 150",https://www.egyptindependent.com/egypt-s-internet-speed-among-world-s-slowest-ranking-146-out-150/,2016,E,C1,Tue Aug 18 2026 22:05:21 GMT+0700 (Indochina Time)
opportunistic,Egypt's Open Data Inventory profile is available for the year 2024.,Country Profile Egypt,Egypt Open Data Inventory Profile - Open Data Inventory,https://odin.opendatawatch.com/country-profiles/EGY?year=2024,2024,C,,Tue Aug 18 2026 22:05:21 GMT+0700 (Indochina Time)
opportunistic,The Egypt Digital Platform provides 182 government e-services and has exceeded 9 million registered users.,"The number of services currently available has reached 182, while the number of citizens registered on the platform has exceeded 9 million users","Egypt Digital Platform provides 182 e-services, has 9m registered users",https://www.egypttoday.com/Article/1/139283/Egypt-Digital-Platform-provides-182-e-services-has-9m-registered,2025,E,C0,Tue Aug 18 2026 22:05:21 GMT+0700 (Indochina Time)
opportunistic,Egypt's ICT sector grew at a rate of 15.2 percent for fiscal year 2022/2023.,The Information and Communications Technology (ICT) sector in Egypt remains highly robust with a growth rate of 15.2 percent for fiscal year 2022/2023,Egypt - Digital Economy,https://www.trade.gov/country-commercial-guides/egypt-digital-economy,2023,A,C0,Tue Aug 18 2026 22:05:21 GMT+0700 (Indochina Time)
opportunistic,"The Egyptian Plant Leaf Image Dataset (EgyPLI) contains 3,588 images covering eight widely cultivated plant species.","EgyPLI comprises 3,588 images covering eight widely cultivated plant species: apple, berry, fig, guava, orange, plum, persimmon, and tomato",EgyPLI: A Real-life Annotated Image Dataset for Egyptian Plant Leaf Identification,https://pmc.ncbi.nlm.nih.gov/articles/PMC12886926/,,A,C1,Tue Aug 18 2026 22:05:21 GMT+0700 (Indochina Time)
opportunistic,The Egypt AI Training Datasets Market is projected to grow from USD 8.22 million in 2023 to USD 76.50 million by 2032.,The Egypt AI Training Datasets Market is projected to grow from USD 8.22 million in 2023 to an estimated USD 76.50 million by 2032,Egypt AI Training Datasets Market,https://www.credenceresearch.com/report/egypt-ai-training-datasets-market,2023,E,C1,Tue Aug 18 2026 22:05:21 GMT+0700 (Indochina Time)
practice,The European Commission's Common Agricultural Policy digitalisation page presents digitalisation as part of the EU's vision for agriculture and food.,Vision for agriculture and food,Digitalisation,https://agriculture.ec.europa.eu/vision-overview/digitalisation_en,,E,C1,Tue Aug 18 2026 22:06:38 GMT+0700 (Indochina Time)
practice,CARICOM unveiled an E-Agriculture Strategy to strengthen food security and resilience in the Caribbean Community.,CARICOM unveils E-Agriculture Strategy to strengthen food security and resilience,CARICOM unveils E-Agriculture Strategy to strengthen food security and resilience,https://caricom.org/caricom-unveils-e-agriculture-strategy-to-strengthen-food-security-and-resilience/,2026,E,C1,Tue Aug 18 2026 22:06:38 GMT+0700 (Indochina Time)
practice,"IICA's Digital Agriculture Week 2026 will prioritize startups with solutions aimed at increasing productivity, improving natural resource management, and strengthening risk management.","priority will be given to startups with solutions aimed at increasing productivity and competitiveness, improving natural resource management and farmers’ resilience",IICA launches the fifth edition of Digital Agriculture Week and opens call for AgTech startups from the Americas,https://iica.int/en/press/news/iica-launches-the-fifth-edition-of-digital-agriculture-week-and-opens-call-for-agtech-startups-from-the-americas/,2026,E,C1,Tue Aug 18 2026 22:06:38 GMT+0700 (Indochina Time)
practice,"DLL Group identifies IoT, robotics, and AI-powered solutions as key trends reshaping innovative agriculture in 2026.","Innovative Agriculture is reshaping farming in 2026, driven by IoT, robotics, and AI-powered solutions that can boost efficiency.",Innovative Agriculture: Key Trends for 2026,https://www.dllgroup.com/en/blogs/blogsoverview/innovative-agriculture-key-trends-for-2026,2026,E,C1,Tue Aug 18 2026 22:06:38 GMT+0700 (Indochina Time)
practice,"The African Union Commission convened a three-day continental workshop in Nairobi, Kenya from 11th to 13th August 2026 to harmonise implementation of the African Union Digital Agriculture Strategy across IGAD and FSRP target countries.","The African Union Commission (AUC) has convened a three-day continental workshop to harmonise implementation of the African Union Digital Agriculture Strategy across IGAD and FSRP target Countries in Nairobi, Kenya.",African Union Advances Digital Agriculture Strategy Implementation Across IGAD and FSRP Countries,https://au.int/en/pressreleases/20260811/african-union-advances-digital-agriculture-strategy-implementation-across,2026,E,C1,Tue Aug 18 2026 22:06:38 GMT+0700 (Indochina Time)
practice,Kenya's Agriculture Engineering Secretary Eng. Laban Kiplagat stated that digital agriculture must ultimately be about improving the lives and opportunities of Africa's farmers.,"Digital agriculture, for us, is ultimately about people. It is about dignity, fairness, and opportunity.",African Union Advances Digital Agriculture Strategy Implementation Across IGAD and FSRP Countries,https://au.int/en/pressreleases/20260811/african-union-advances-digital-agriculture-strategy-implementation-across,2026,E,C1,Tue Aug 18 2026 22:06:38 GMT+0700 (Indochina Time)
practice,"Kenya has recently launched its National Agriculture Sector Investment Plan (NASIP), aligned with the Comprehensive Africa Agriculture Development Programme (CAADP) and guided by the Kampala Declaration.","He further highlighted Kenya’s recent launch of its National Agriculture Sector Investment Plan (NASIP), aligned with the Comprehensive Africa Agriculture Development Programme (CAADP) and guided by the Kampala Declaration",African Union Advances Digital Agriculture Strategy Implementation Across IGAD and FSRP Countries,https://au.int/en/pressreleases/20260811/african-union-advances-digital-agriculture-strategy-implementation-across,2026,E,C1,Tue Aug 18 2026 22:06:38 GMT+0700 (Indochina Time)
practice,"In 2026, AI is no longer simply a promising innovation but is becoming an operational necessity for many farms and agribusinesses.","In 2026, AI is no longer simply a promising innovation. For many farms and agribusinesses, it is becoming an operational necessity.",The rise of AI in agriculture in 2026,https://globallycool.nl/2026/04/08/the-rise-of-ai-in-agriculture-in-2026/,2026,E,C2,Tue Aug 18 2026 22:06:38 GMT+0700 (Indochina Time)
practice,The Tumaini app uses AI-powered image recognition to identify crop diseases and pests and provide treatment guidance.,"Tumaini uses AI-powered image recognition to identify crop diseases and pests and provide treatment guidance, helping farmers intervene more precisely",The rise of AI in agriculture in 2026,https://globallycool.nl/2026/04/08/the-rise-of-ai-in-agriculture-in-2026/,2026,E,C2,Tue Aug 18 2026 22:06:38 GMT+0700 (Indochina Time)
practice,"The Dutch Research Council NWO has a KIC research programme on AI for agriculture, horticulture, water and food with a budget of 7 million euro.",The budget for this research programme is 7 million euro.,"KIC AI for agriculture, horticulture, water and food 2026 | NWO",https://www.nwo.nl/en/calls/kic-ai-for-agriculture-horticulture-water-and-food-2026,2026,E,C2,Tue Aug 18 2026 22:06:38 GMT+0700 (Indochina Time)
practice,"The NWO KIC AI research programme aims to develop, apply, and expand AI methods that can contribute to finding solutions to urgent societal challenges within the agriculture, horticulture, water, and food sectors.","The aim of this research programme is to develop, apply, and expand AI methods that can contribute to finding solutions to urgent societal challenges within the agriculture, horticulture, water, and food sectors.","KIC AI for agriculture, horticulture, water and food 2026 | NWO",https://www.nwo.nl/en/calls/kic-ai-for-agriculture-horticulture-water-and-food-2026,2026,E,C2,Tue Aug 18 2026 22:06:38 GMT+0700 (Indochina Time)
